customer_id,name,city
0abfcf1b43d1a0edf308b05224c18a30,Miguel Del Rosario,Iloilo City
58d1150c3ce4bf88d0370601724f88a7,Lourdes Aguilar,Cebu City
a9868ea3418ca5d937d16d49d220b00d,Rhea Garcia,Manila
a34cd96e2360c94d52390837f0e18a35,Maria Flores,Bacolod
1694891e4ce1e6b288e8418837c1078a,Pedro Rivera,Caloocan
4e7173fca4fbae5fb2ed3ed52201e3fe,Daniel Martinez,Antipolo
4cc84444c542051e23a4fc09ffb090f2,Kevin Salvador,Antipolo
44bbf10454ccb7f73cfc960a9049ce90,Rosa Gonzales,Davao City
1efa695814f7fbfaa66d48d3f4670a6d,Trisha Castillo,Bacolod
11d0ddf1644dae1606e8292c632d09a6,Fe Go,Cebu City
a704286c163c6e0d3891d924f7ed80a9,Maria Co,Cagayan de Oro
0ae548a309f8984452e0048084739c1a,Nicole Chua,Bacolod
ffe7f2ac2b25f6f3b3dfbca62b99ac08,Kimberly Domingo,Malabon
7c51ac8b5e59d0872463a6702c335df6,Kenneth Aquino,Makati
bd79adb7b55bb6b93e1fb890c1be9192,Adrian De Leon,Navotas
67b8e5f02c4a202e59b1a4d0d1b02973,Isabel Lopez,Parañaque
cc8677536375326046f663585abca5eb,Josephine Villanueva,Quezon City
dff4c56846bd4189070f256cd0cb65ff,Sofia Villanueva,Manila
cbf5ad9ff0cb7bed4ded913eb26103cd,Patricia Reyes,Makati
83ea37d66e7ba91adbe3348c0897e4e1,Jose Santiago,Taguig
8d68e32d51b999046282e714e6e60683,Carmen Del Rosario,Antipolo
e5bb64f6ab19b8ec97e0f4ed54448beb,Bianca De Leon,Pasay
98728f95401f4554ad7b559fec7d636e,Manuel De Leon,Bacoor
6c391464dab9d902cd06c70705347816,Carmen Castillo,Manila
f2e86f4be121e25ac0e4af7445c0a914,Corazon Mendoza,Malabon
e8d3286c96dc75d4048a2b74404da3c3,Sofia Reyes,Taguig
4a11e55ee142865490f07117d84f16b3,Kimberly Villanueva,Zamboanga City
8835da1123a7d692ec3ac9defa42c167,Andres Ong,Iloilo City
54159e3adb2a8f621f9a6376471f8562,Angelica Dela Cruz,Zamboanga City
b91c9140b6d647e4a3f2e6981d3840df,Josephine Mendoza,Malabon
6e89b404fe2c34b23f1c9f9b1c918a7c,Gabriel Chua,Parañaque
e57eed1fab2cac891b33b82ec2abda23,Jasmine Soriano,Antipolo
46464e80a1fde3837d3ed106c66cf99b,Marco Reyes,San Juan
16aec446ef0788db07706ab470a999af,Miguel Domingo,Navotas
0cf35350e1345d50e6b1a8a2a9b84c14,Luz Villanueva,Caloocan
611e9a68f16b1579e308c2acb06fc498,John Flores,Manila
33f6f5a6aebe6318222401f11fe1fbc5,Carmen Ong,Pasig
3f817245df97ff65d8c45412fd34809e,Juan Mercado,Zamboanga City
556abfdeae40ba15fd1e1dc809224498,Luis Dizon,Parañaque
352eff1e7231d8a850f8d4478551d427,Antonio Santiago,Mandaluyong
3714d4737d41c0a2bddd9810f1f78589,Gloria Garcia,Caloocan
60d00dcf80a3e63e2fae8e8fb1c53c12,Bianca Ramos,Davao City
c027013ee62af93ee5b10c9ab3e835e8,Jose Aquino,Taguig
bbfc19c0521a3fd26faf84ea1fa07f05,Elena Flores,Mandaluyong
d4bf920ae70cbe2bb8c1c1821c2d20d2,Rhea Torres,Cebu City
acb5870808955cbb258688ce8b380ba2,Carlos Yu,Makati
890f411f29b8c5e52aea054e86b235bf,Lourdes Cruz,Muntinlupa
cdd8336cd31939b8cd4ae688bc6337c6,Kevin Reyes,Cebu City
66c1240da211142a78a23f67c67dc568,Carlos Torres,Marikina
50bee768567b3dd47c3df1b8c7e0366e,Rhea Torres,Marikina
c6efe404d57a2d952965f900e4212a4f,Ramon Hernandez,Bacoor
d3ace4e0eb17b1a2c783007172cf3eb1,Adrian Garcia,Caloocan
e92acbfd94ffa0832481ba4b879419f9,Fe Mercado,Quezon City
020271e97015615a8625bdd4c0d34e1c,Gabriel Lim,Bacolod
209e0157566df85686f96a421e30dd62,Nena Fernandez,San Juan
df33838467ce09704d71f1b720ba323f,Bianca Castillo,Malabon
332f5f1f9f5be21743816a5cf2fea1b9,Gloria Castillo,Cebu City
3f9c85f98c2bbd09148ffbdae2d4c625,Luz Ramos,Muntinlupa
4a616cbcdec6f0eb6306f08ac086f74a,Josephine Salvador,Makati
2a65df50cee586baf600b1044789b270,Nena Bautista,Malabon
119c44af81d779ed109af3bd08be2610,Patricia Torres,Las Piñas
8464ab7967f0a3fdd5dd7744310dcb3c,Angelica Ang,Iloilo City
160bd9240fc8eb5d8634a39c6f4811dc,Paolo Castillo,Bacoor
3f67a2eee01f2e15333d2f0f3f2847a4,Roberto Ramos,Marikina
b1417f4545bd9926c2948539ef2e72ce,Adrian Martinez,Navotas
4af36b66b421f1be1a82c5385561c7bb,Corazon Rivera,Taguig
6793029aa624d9a8b9e70b45f03f0bee,Jasmine Pascual,Zamboanga City
de301b36e2981ee9315c3972983a46f8,John Dela Cruz,Makati
268c8f5fc81062f92e7f5f4220f04ec0,Isabel Martinez,Quezon City
7987e32995f457bae0edc7a05b732b2a,Rosa Dizon,Cagayan de Oro
91bc78062dec532a3c39971b03ac47fe,Angelica Lopez,Antipolo
2c76c3c61e07105ff8148eed1f2269a7,Corazon Lopez,Las Piñas
4d5f8edc555e73ad6287aa73697846c1,Manuel Soriano,Makati
c6720cda17d38c0038431a423d4d40c3,Corazon Bautista,Antipolo
087f2faace52263b619ec78c53c22714,Carlos Mendoza,Cebu City
3266f3dac529c45982856db58238225c,Ramon Navarro,Muntinlupa
606cb1014d1e4a21e81f4c01cfd5a8ce,Rafael Yu,Caloocan
aaf1c68780de7be6e37775828aa6dfa6,Carmen Gonzales,San Juan
aebfd09e8181952464afcf4b9acb9408,Sofia Bautista,Iloilo City
f38c9d74a5159dba756afc6d273be1b3,Ricardo Del Rosario,Marikina
ac8385605b88f950f951e43349ce20f2,Isabel De Leon,Pasig
bf7c025a6c4482d6e06c321a14f25b08,Rosa Lim,Marikina
7bfbf449add8c7cc5143c574cf0289b2,Roberto Lopez,Marikina
86984432ba41513766a3fd36b3c17cc5,Isabel Salvador,Taguig
028cddc71e0c5f7a60f158bd7f3507bc,Kimberly Sy,Cagayan de Oro
47b3127f0f4fd64a07b3cd356654607f,Andres Salvador,Caloocan
f2c0af6601a61a4cbd19c8316d69390f,Juan Yu,Zamboanga City
9f6be757b4fc87bea72c4e1e2722a1c3,Corazon Torres,Cagayan de Oro
3469d71dc88ed9770a09402d951acf88,Lourdes Torres,Iloilo City
25bc5a54594ac82773a58f73838ff5f2,Nicole Hernandez,Makati
679698d24526215b4e56417fa9528731,Andres Hernandez,Bacoor
98a17e09b57e2c6e3ed247391c53f319,Manuel Soriano,Iloilo City
454b81381cea9deac96cf1568f8190aa,Corazon Santiago,Pasig
2ff06b6c01544ccabe728822af50a330,Rhea Villanueva,Malabon
19a2458d462129d5f40e8a7fec6b82b4,Angelica Torres,Bacolod
537b6d9eaaef829e060d644c9cd1ded8,Nicole Mercado,Antipolo
88f92f7ca3d7e1c2832df167917a04fb,Kevin Torres,Pasig
5751769493f5667b15e6cd25af0757f9,Carmen Ramos,San Juan
d4a7640212a40a42700215ec101a1a0f,Nena Gonzales,Muntinlupa
5d721ba33c4aa0e6a9460e93dcb66025,Sofia Aquino,Caloocan
8636ce13affe7e0fdbbdbbf70368f6c0,Kevin Mendoza,Iloilo City
ef5831867ad4746ea57ebe6b13f6f1da,Fe Martinez,Zamboanga City
d4c1e51f64d470661afaa10b00e70a41,Antonio Castillo,Malabon
e18e575dcd62785dae28bdd7eb187d21,Kimberly Dela Cruz,Antipolo
ff5efeb00d76d1371b1cdca759f6dc85,Teresa Chua,Cagayan de Oro
939dd890b83acd80f55805ef733e9913,Sofia Mercado,Mandaluyong
72b88dd48b58107a35dfad76cb9a1590,Teresa Del Rosario,Quezon City
73f0acfd3c99e86a2459eaafd400f61d,Nicole Reyes,Antipolo
16584ff510c419f3f2cceb52b5e094d6,Gabriel De Leon,Quezon City
5345bcdd1a5119bdd3334961ec8979e3,Eduardo Ong,Mandaluyong
f1506d6ab1223ff960d08ae07cae7399,Nena Lim,Muntinlupa
c294c845b7b750c94cfabb9c283c72ea,Maria Martinez,Caloocan
76d1695b9f9df0bda5543177ff30c59a,Cristina Lopez,Makati
9f4fee7d72aee2db2905161074550426,Francisco Aquino,Taguig
7059a7850df3fa8824dd5f560b1aea90,Teresa Martinez,Navotas
663fd50fed7668c4e8e404c7b1f9c751,Carlos De Leon,Zamboanga City
5040b294b4815255973f1e8c5807e73c,John Salvador,Mandaluyong
b5c14181b5806faa5b3331b9ebcbb5d0,Corazon Fernandez,Taguig
fddc3433b52b05bdd46d0bfb06796732,Luis Santos,Iloilo City
8a4e0f401e3da73c0fff059439325403,Kevin Rivera,Valenzuela
b1f463e4565c99202bfd0fb2464a5268,Kevin Del Rosario,Muntinlupa
bcca300918649cac7a6e45ab217912e7,Rosa Hernandez,Iloilo City
7e325158f98f28350c86258eb66cf265,Fe Navarro,San Juan
55b4c3cb6f4f7925e572ee8e14a1d937,Paolo Mendoza,Davao City
1e634954d2b5e14e14f4c5afaa96c51c,Sofia Garcia,Caloocan
d3d763aff939c3920c836576aed617d1,Ana Rivera,Davao City
eab55e0e04dd0507fd1dba1124480a0d,Eduardo Dizon,Antipolo
f8839fa935ab4d8294057d50a24ada22,Antonio Mendoza,Bacolod
055f461042a62a57511dcc3520980653,Rhea Reyes,Malabon
3e9b073bc69fe405fb3ba7649f41f33a,Angelica Yu,Malabon
0b0ff5c7e919dc0ace1f2df13d241dcf,Gloria Aquino,Caloocan
6f242f4419b6b4662e1a27fa4610a134,Elena Del Rosario,Bacolod
2f1a8e19b096ca9273a35985475d835a,Josephine Ong,Navotas
0de755c875b57622f87d4ddcaf5964bd,Cristina Aguilar,Parañaque
bb9cca967e8e54cfb45e2fc465273735,Antonio Santiago,Navotas
ba0856389c58e665619acdfd5648bb88,Adrian Tiu,Muntinlupa
a4ac6d951a25fced24cc0d1a3d724f02,Angelica Torres,Marikina
ff68719acf4ca9c3821ee7addb87cc6d,Marco Santiago,Antipolo
6c53865d5ec926c20176794f8f033dea,Jose Dela Cruz,Davao City
d552fc85136f5c0295fa36f6f05393a5,Lourdes Salvador,Pasay
346145646ddda0c3fedd9303b1cc42a8,Isabel Lim,Valenzuela
c5a96ea7a2eeef07c041cbd2d3a95b1c,Mark Santos,Makati
ef65432162ea0e5135234727cf034b1f,Carmen Dizon,Quezon City
67dc44a5a19e23e2cb34c9308f286f6b,Antonio Go,Cebu City
5a268e4d77bda281e3de5fd27545d4f9,Ramon Co,Davao City
691cec2c3a364d1958641abc82fd8474,Trisha Fernandez,Iloilo City
a65509ee235fc025d0796a59a25a69b9,Angelica Navarro,Pasig
5c2d13de2d0f111a9c6ff3466bcee521,Manuel Sy,Cagayan de Oro
077db88d5c94b94e3917c7521f743261,Ricardo Castillo,Parañaque
716a8135d40baed31fb2a8c82c46d9da,Elena Flores,Bacoor
8b3584d17e03922cf85c492592455737,Miguel Hernandez,Makati
6bcb70360ccdbd4b222ad9f59d79c216,Pedro Rivera,Muntinlupa
1b464a9e57a5432a1e11be2e4066301a,Trisha Lopez,Muntinlupa
e8f1911c89d6b25012c10945d52afccb,Kimberly Tiu,Bacoor
1e1ef906356f7cd4501e4dcab7ef52b4,Juan Sy,San Juan
a0bcde9ca569a536a7dc7becf1a16d97,Ana Chua,Pasay
3d990f589dfdf5848595c8571f1660b0,Ricardo Chua,Caloocan
114448b861726452b45b688417d46df6,Ricardo Santos,Malabon
85d4e80ac2d4e6087638f20f1bd19050,Manuel Fernandez,Manila
fb22bf9f26579962de5a6326740ca695,Jose Tiu,Cagayan de Oro
c17e419563c4e1ec335964c4f8f7a4c4,Nena Lim,Bacolod
543e3557e4deeb66481c7a07c032462b,Mark Lim,Cebu City
ee07f79a003719762e38a2d997973254,Isabel Domingo,Cagayan de Oro
a4195f734cd6b2f7eb8de0f8f30fa842,Ricardo Hernandez,Malabon
a5b4b3b77c75e59f152eef7b37861452,Kimberly De Leon,Caloocan
2b4e44259b3a9ae20dbeaf805b78871b,Patricia Martinez,Iloilo City
ffa5a2065a4e47389517548d8d4bb18b,Roberto Chua,Mandaluyong
3a07e2d4ae458b60eafcfc85d8ffdcde,Adrian Soriano,Cebu City
bbc0e38038a787ed23f25c133782523d,Miguel Lopez,Las Piñas
930ccd9ed331b5ebfc91e69a11580cef,Jasmine Cruz,Parañaque
383690f61e7d62bc5e1962522e971198,Josephine Ong,Pasig
90882263bca4cf28ddf42e324d579da5,Pedro Lopez,San Juan
64fd697860c7b78fc5f2a9777919f7e1,Gabriel Ong,Manila
2381185eddd5418b3c4591fb4f56612e,Luz Tan,Bacolod
1d9732980bfacbdd11003a4df75c62e3,Miguel Martinez,Bacolod
5ba8f9635af7f77e9fe33e92e024175a,Manuel Bautista,Caloocan
322cd0b91d3d38ab316fbdf87c19b3df,Nena Yu,Pasay
1105f736cdd240448f1d5df301d9fe6e,Maria Tan,Pasig
07a8c828a1f57c6a211d8150a759a270,Antonio Pascual,Pasay
fae170ba5d67a3bf2d0a0e0bd3ba8929,Paolo Domingo,Cebu City
c3177bc2b2bcdb59781213e727c3970d,Rhea Lopez,Iloilo City
a2c0da75ce99565ca6af16897e7a3430,James Lopez,Las Piñas
a3e249c93de811f130130c9efb50cd9d,Sofia Tan,Iloilo City
56c0d2f0207836b5e69bcfb856f227c0,Nena Chua,Pasay
5d0483a7cf4be48d5ec8deda1f41d078,Sofia Santiago,Bacoor
e58b9992d3bf5233dae8d766e66196a4,Carmen Garcia,Taguig
c0a59f054681e8252a7ca4376c994c18,John Dizon,Davao City
321722e93876f5e5dc23ba511acdcedf,Maria Fernandez,Marikina
aadf9a25e75c0d7f8031c2daf4120992,Josephine Co,Pasig
2ff73fc3455b32c117a3bf598493bc5c,Patricia Aquino,Malabon
b163d480f44a57bed9772b03b023f897,Rafael Ang,Pasay
fb1b9b0b5cb0aac6861b54963cf44f25,Trisha Lim,Manila
256337fbe0bbc2656cf81fa17528fe8c,Miguel Fernandez,Bacoor
216c164a85756882615b32b6f66df526,Ricardo Domingo,Mandaluyong
062872f84acff4a541ac8c0ab9796384,Bianca Villanueva,Valenzuela
285350d3188616a222ac6b2aca8db92d,Corazon Torres,Manila
186898715c9046a11cdca8d4fb366c16,Jasmine Navarro,Cebu City
19ff2a12c12c699527ca1395a2948c9c,Rosa Dizon,Marikina
f623d7a17e0e0d58247413a3184bef9c,Teresa Mendoza,Las Piñas
d04119d9fd458dc58f5b2713e7bce729,Corazon Fernandez,Antipolo
60dc6d331dae9316f8f45ac11df39236,Carmen Santiago,Quezon City
966eba27fdb430ce0adbb5bf650783f6,Carlos Martinez,Antipolo
41369a01d50c1443f3cd7ae85f725217,Andres Aguilar,Navotas
cd5e90b7c2c4e5aa5c065342e29bf294,Carmen Co,Makati
8163ac42a84157c533cb51f6eb768e3a,Cristina Salvador,Makati
4da619c78c114c3e03cb168f15eea0f5,Rosa Navarro,Bacolod
35eba5d8b7709fcad7be5cff8f040d30,Manuel Ang,Valenzuela
b6cfda4e113fdd8100c719600f5fd515,Sofia Yu,Makati
41bb253fc2e70d43d2449ae273976aca,Isabel Rivera,Malabon
2e02c85c388792b0123fe718adff479f,Jasmine Martinez,Davao City
dcd0e708c1569020a41b2a0920377065,Jose Martinez,Davao City
9e4592a828b98b65dd71704d120b2363,Czarina Dela Cruz,Cagayan de Oro
29a2ba389865a271ca196000cd7f1708,Isabel Ramos,Valenzuela
a7422b7a1e8c4de0240e8991ed663213,James Santiago,Malabon
93920d29f415a6da9b2faa2a2eba0e87,Kimberly Hernandez,Pasig
13d932e8b335d31146178b07cc8396e7,Czarina Dizon,Caloocan
69675f71621605d657bad9ef86a06f88,Antonio Santos,Pasay
979cbd39427b9f8a20382ce4bb88d3ea,Kenneth De Leon,Bacoor
d1e36d5b305900f3ab55cd65bb8b5a24,Bianca Cruz,Parañaque
1ea39b3a1865c199bb6deaf21ed730f0,Nena Torres,Taguig
21d3e23695ec2e310866c1601f32cc25,Czarina Mercado,Malabon
36e0f9ec85bf67b485195985111645d1,Carlos Bautista,Bacolod
2c7def6129d35baa9e4d6f2c81b788c0,Jose De Leon,Zamboanga City
599473b2a663d238a2329ce9b9722eed,James Santos,Taguig
b95c25e2af79b67570afd9a735ca39cb,Manuel Lim,Zamboanga City
9f4fbaebbd7950811eb32d9007b7c08e,Teresa Go,Las Piñas
7da4921a2169c55b44ea382bb8167e9c,Daniel Rivera,Muntinlupa
c6e0a6dbb925c5b9d3853a85fe3739e3,Luz Dizon,Cagayan de Oro
c344cc52ed7253b30db26a056f0735ab,John Cruz,Iloilo City
112c29f3d1c00136e4623603458e0852,Isabel Salvador,Marikina
39f1d4204a519a017b02c3d60de13a0a,Antonio Dela Cruz,San Juan
5bbff3814d82d1990d893ba9b9419318,Andres Navarro,Pasay
afbd70d20741c8b9a5a6ac0b7baedd22,Carlos Salvador,San Juan
5afd02600b3a9421bf3f1d82c1bb4496,Fe Sy,Cebu City
e4b39c6acf3ab049ce5645f851bb6a50,Juan Villanueva,Antipolo
ff52f41bf1d46f7a44015bd7d5e274f0,Ramon Rivera,Antipolo
21bc3647d6d403465cfd2f6e6ac54f6b,Corazon Villanueva,Makati
0ec3197e826b240cf0ff800703e1ace7,Corazon Flores,Mandaluyong
fac21b2c5078b651f78a3b34ac24409b,Luz De Leon,Manila
e352d2ce5bc6bdb34dd5c5ec19617b7b,Kenneth Del Rosario,Navotas
72f42f2608ccac785757795beecc0d25,Antonio Santos,Malabon
9bd8bee0a6664af7b86f958724c91435,Kenneth Gonzales,Antipolo
148e651bcc07393c68ffd8348b370d6a,Andres Aguilar,Navotas
8937cabf8269ebd94120de68efb6ac09,Jose Ramos,Antipolo
293b3a2d2443f28f55867265933b95cb,Ana Santiago,Manila
40813bd7bad1ee3d1ff4be061d411096,Lourdes Del Rosario,Makati
a15f810c4406a94e6e17d50fef81c076,Lourdes Mercado,Zamboanga City
ff37a14df33c830d358394fbbbd826d3,Carlos Flores,Iloilo City
a260d22c34ea554250b0d7a251ad42f3,Jasmine Santiago,Quezon City
2a2f487f41f41c82f93c73b4530cfe4a,Gloria Go,Antipolo
a82beba58a8c30d19bc69a1ca802ec09,Rhea Lopez,Makati
951af1aba0cd4dba27eb68a83f6b4921,Jose Aguilar,Quezon City
480282462c57cff32496aece5ab70f28,Luis Aguilar,Mandaluyong
5989a51c14dbba6f7aa9b1fd2c17415e,Isabel Go,Makati
988f7da4e5b8ac7f01b64e76aebf8c4b,Maria Hernandez,Pasay
b5965f4007c71afaf92798071d0041b4,Angelica Co,Antipolo
5f38e1cf4f729dc3e8904d2180b4b618,Antonio Aguilar,Caloocan
388c0c150d5ae159d5789261cb4fd3e2,Nicole Santiago,Cagayan de Oro
689e759ab0135a7755c265299b50601e,Nena De Leon,Valenzuela
329942d27760ffea1cfd4789d4996ac6,Jose Del Rosario,Taguig
930bfffafd87ca64371f75a722230cb3,Lourdes Pascual,Malabon
9dd22405f5dea41b2b92b58b83236dd7,Manuel Lim,Davao City
8e7b27d5413bbb80e14ffe2b3d538366,Eduardo Go,Bacolod
bcd7a71e752cbeaa33cabd94a31bbdf5,Trisha Hernandez,Navotas
49d151c2a6883995f12d9612c8e2cfc0,Maria Lopez,Navotas
dc9b92301ad1427b23798843a1260ea1,John Rivera,Valenzuela
d1d34beb113970efafeff6bcd5b0df85,Fe Yu,Antipolo
b687a2c09a31dc39d26654a01fb3c508,Roberto Lopez,Valenzuela
b361a0ac9fa3da7c689d8afdbe453890,Jasmine Villanueva,Parañaque
a0b1a351a5f3067d5c1c516d6af8d863,Roberto Chua,Taguig
878f8e88704f214a971a1d3cfca050f8,John Hernandez,Cebu City
505440264f577c3d74de8539edcc0885,Rafael Ang,Cebu City
b14635f76a0fc23015c7e2b466e8fa33,Luz Torres,Cagayan de Oro
410e4ad79c8a3444553786bd6804cb3d,Bianca Castillo,Parañaque
4dca033be41973ca5e58bd12f96b9efd,Carmen Ramos,Marikina
082e941439c4e741147d6e6332448b34,Kenneth Ong,Parañaque
3545c77ae407ca92604b2d1e84b640e9,Lourdes Fernandez,Parañaque
4aad7ff624187c44ddd5e1738b2de5c1,Francisco Chua,San Juan
c82d166e1f235ee4f6b56b5c6163c389,Marco De Leon,Bacolod
a24ef2cb97b9620e90fc5c9064f4ad67,Patricia Dizon,Quezon City
2daac94da9c7ecea54805c93b4b3b364,Gabriel Santiago,Cagayan de Oro
a362ee3e38971f448aa15566d373b2ea,Isabel Dizon,Iloilo City
eb55d910222ba92963f0e113868cdbd9,Rosa Mercado,Iloilo City
f41270c11453e808e3f2d6196e6fbff4,Corazon Cruz,Cebu City
fa9c37dfd4ff7eed3148390b2d50b288,Rafael Hernandez,Quezon City
b3b19d6dbbdc226bab77bc3b1d4df47e,Rosa Tiu,Muntinlupa
74ce1d0e171c9892011e58fc489a1db4,Ana Villanueva,Bacolod
aa1f10735e8575433fe12c3778ef4e07,Trisha Mendoza,Mandaluyong
abfd3b5c8985f83ae4936d9f04804415,Corazon Martinez,Cebu City
8a93c6b5deda5b9d6b51c99a13a2ab6e,Carlos Ramos,Antipolo
64472fd35f40b83a6907b93b1db83151,Ricardo Bautista,Taguig
fcaa211dd1b4c70a8b3c47aba03e3695,Elena Santiago,Taguig
602cb46e6813d1f30f58c41f49aa8074,Fe Bautista,Malabon
1221cf646b840e81ca5bdc2477278079,Pedro Mendoza,San Juan
7f9ed7b28853228ba2986d5d00d131ed,Gabriel Go,Davao City
67e1ae1a317b631fb24a975849cdf30a,Kenneth Lopez,Parañaque
9230232e1131dfcbaaddabdd3500a40a,Rosa Aquino,Pasig
a38449c9172529b2728f878179652b28,Paolo Torres,Caloocan
3ec3df363d48cdb5a17088492847cf3f,Pedro Ang,San Juan
bd96412898264f14b3f67636c0bd3476,Antonio Lopez,Antipolo
9249dda137f411cbb101210220568005,Paolo Flores,Makati
7f4d2b283b7fcbee2b22511425570ec2,Sofia Sy,San Juan
2051442212f93a5277103bd22d4d6914,Manuel Gonzales,Malabon
b488c2228c6977a380c35e1b626775c1,Nena Domingo,Cebu City
18987354f41eff7da3a491fe4c1f8edd,Pedro Soriano,Quezon City
400ab545e48e75c60ca92aca07c06140,Carmen Martinez,Iloilo City
20829b64c4aa6a96364da7e6dd6dfbd5,Corazon Castillo,Malabon
ad7b39df70e5aadca08c36f9215a6393,Marco Lopez,Manila
032c9bb1a9830557ebfadaa651847bc1,Carlos Garcia,Makati
58f91fe2e667ccccbe4a736ec75fad97,Sofia Villanueva,Antipolo
75fc38bceff2cd4d992a13e6d5625ef1,Daniel Domingo,Pasig
46ab459520ffd685aae7388f35c7a8fc,Juan Aguilar,Parañaque
1e59f2ad9adb4a2c26781827de18df31,Carlos Del Rosario,Valenzuela
a1d51d984109f190a6d3228b9f138090,Nena Mendoza,Valenzuela
69476a24000ecad25385209de9907c20,Carlos Tan,Taguig
3634725b1f770d36a8873d132f24188b,Ramon Navarro,Muntinlupa
f03acbb0f76fad7545dd880504ca4343,Nicole Fernandez,Quezon City
3e7eaa249ea698f92ab297ae132c6804,Miguel Co,Pasig
013aca6d2d1faa230dd702b1b43851ac,Pedro Domingo,Muntinlupa
503d3ff34001230af5d7b5d8024b04ef,James Rivera,Manila
7bae7874e120de5d03804f7c4294b864,Czarina Cruz,Muntinlupa
52f8bb5ec22e59d8230f10e5b48f3618,Gabriel Ramos,Caloocan
7b6513c5125096f5693227b93d8bdefd,Miguel Co,San Juan
a3d522a1b8ff3dc369556588a83dd232,Ana Martinez,Las Piñas
fac0c48a9db755b88d02b467b430cdbd,Eduardo Dela Cruz,Parañaque
718394a823b13e33115de54f63e19e52,Teresa Santos,Zamboanga City
be85bd9d61949082a914cee24de69c9b,Antonio Lopez,Bacolod
768c50324d7b3ef5c2c5821995ea2db4,Miguel Salvador,Malabon
1d24fbce2a3d89c027e5bc4a8621bef3,Maria Tan,Cagayan de Oro
03665ec0f648b190ae3e5f455d44df7f,Ricardo Garcia,Zamboanga City
3f7982919d0bc185522ffaa9bf1ba743,Andres Go,Valenzuela
c26db9d1a92ab4d3f45405b9a79573a0,Luis Aquino,Davao City
a4c5076e180ef473ed14a03c6a2164be,Sofia Lopez,Taguig
fcadf02a688e1223c1533e6f8d6a66da,Eduardo Santiago,Las Piñas
47cb903172b413cc752188130435dd19,Mark Cruz,Taguig
ee084c07ad53a3bfc1cba7e89d0139b9,Angelica Sy,Quezon City
8ce4c1363961460f26d6c1bc272877ca,Juan Mendoza,Navotas
d40614f97541afe28caa8b867b36d552,Rosa Martinez,Bacolod
e2b3e0aabe4e0c3695b305ff3ecb69a1,Trisha Mercado,Malabon
044d544b6bd4f7f2ce42ce9ebb3d71b8,Gabriel Navarro,Quezon City
b53e18e07de21a4cd717860a7ca1aea9,Miguel Lim,Bacolod
6412d1f53ef497db5669f724d4b65b1f,Czarina Del Rosario,Mandaluyong
d289fb203202c5d3329edd7ce44c2579,Bianca Villanueva,Quezon City
6a435f3dc66d4000d6c60625e05ba39b,Czarina Soriano,Quezon City
dda851c2a81f2c8c0d7009e6ae6406be,Kevin Torres,Navotas
4314d6edcf805efd374a920cac920598,Lourdes Castillo,Valenzuela
bfc32d8d848e74a4bc96b6e1fe7edee3,Jasmine Ong,Pasay
357d164493e72394e0f68a87c324baa1,Gloria Dela Cruz,Pasay
f11d0de5f1d2895ce00d1de5c75e7437,Cristina Aquino,Pasig
07166a27bd81aeb1a576130d8c9caa88,Nena Mendoza,Quezon City
92fd068296a837751774cc2cc88f4832,Rafael Co,Pasay
0e62f32a8c121f11d737dc0167e7a3c5,Rafael Tiu,Makati
b6699e4b0fd3d47109ca66b2d75f4b59,Nena Cruz,Pasig
d7f3f7d98d823f28f4c0344554ee0951,Andres Flores,Makati
8c3ec4be44567dbb89e6fe87c4867342,Trisha Rivera,Bacoor
5ce648b1850fc6f1869c31aa081dddc7,Miguel Santiago,Makati
b1c2c1a18b07e34d180ecac8b9239834,Carlos Rivera,Cagayan de Oro
05226926efc742bac101d59ba2598976,Luis Gonzales,Antipolo
b08ff7b37c4c642c80559c204f2b5037,Czarina Pascual,Muntinlupa
2c775a0b17d2c48c263dd2f014640f6e,Rafael Flores,Cebu City
1b5618de8732892890aabf1429681c01,Gabriel Lopez,Navotas
6cc8ab15b5af1a682de5cf3af51b0364,Ana Dizon,Antipolo
1618280240ca5243c6c52f900945eb50,Nena Tan,Navotas
e15750ad076463baa0b4a00b51246259,Angelica Bautista,Bacoor
5dc05efebd193777063d2cd9ef1c4da9,Marco Co,Quezon City
c9f964b2e9a35533692e8a5e5aebc8b5,Rafael Yu,Bacoor
be53961880a5e1f59b88c440abc98691,Ricardo Mendoza,Makati
d0877b934fda660e3f85db55273de1b4,Luz Salvador,Parañaque
47ad5026f48aba6f4c2261d45cfc9a3e,Luis Mercado,Cagayan de Oro
f9f29a1e40249143c1f1c7ad64c4ad21,Paolo Aquino,Navotas
bcf8fc80508404e371d6d7bf511fee5a,Rafael Castillo,Navotas
30d5f29704e851b4951af1b17d002d1a,Corazon Rivera,Pasay
bf029c72f06e045d59c039ba7f78ad7f,Rosa Aguilar,Mandaluyong
06694e0191e7a588fd5dc32fc9f249ec,Jasmine Garcia,Caloocan
8cd3ff497cdc8b99544bad6fda489faf,Fe Del Rosario,Taguig
57a31d1d01ba6a4e092c50e9cb532f98,Adrian Mercado,Cagayan de Oro
ae7ad3815daa20367a5cc6ebc02f969d,Maria Santiago,Zamboanga City
7be15a12e35343d4c85cf84f65cb4c24,Mark Yu,Mandaluyong
4f453345b7687f5dce5210576f567b77,Antonio Rivera,Antipolo
81dd6ba296e4bc1e032f51b391134aea,Kimberly Chua,Caloocan
8f6cb57589c665418bcab87a1cd42be8,Teresa Castillo,Muntinlupa
cf6e59bf5bba8d2f0f7adec48bf29900,Andres Soriano,Davao City
95a8b40fdf4926946f14e8550e8d10cf,Isabel De Leon,Cagayan de Oro
1196f62dbbe0a056246bb4c6396b605c,Corazon Cruz,Iloilo City
684a4e305632fa92e718c991ffefd4f2,Rosa Bautista,Las Piñas
81856dca1b89cea07678823cf30c5d75,Rosa Lim,San Juan
0d6ccf6cd7c6d1e0be594f5338e5310a,Nena Dela Cruz,Mandaluyong
b05d815c6a28b66fb78ac12573a3dcd7,Miguel Salvador,Makati
5289092a52d5ce71010deac390f8e3f9,Isabel Castillo,Manila
312127f4be6501dcb311bcc7201105b9,Daniel Mendoza,San Juan
1819726615bb5590a8ee95d8b95620d6,Gabriel Santos,Bacoor
f173320d5ecfa700dd1d8099949f55e1,Pedro Hernandez,Navotas
6ace317a732b939ae732acd940ae6a50,Jasmine Cruz,Cebu City
a71adc340f64acf12a0ea08ce1de28ef,Maria Mendoza,Makati
cb3e82bba27a894b1a881581bcd0c0e2,Gloria Garcia,Malabon
a7cb41670374b508f99538c499ffdf26,Kenneth Tan,Taguig
15af87818d5e1946aa0c485739eaa08e,Gloria Santos,Pasay
2d04fa9cdbe4991b7193ff0e478761cc,Gabriel Torres,Caloocan
92386fb54b9f403226b3821dd579f414,Josephine Del Rosario,Davao City
fe829c6a1c7dbcbe057528b3fd326d68,Francisco Santos,Marikina
3684b709a3d7eac5c1afeab91d2c4b6d,Pedro Dizon,Makati
d064ee28e438e98207356d7f7a30098d,Fe Sy,Antipolo
fe76466fd2251968ec3bc8e78fada894,Daniel Mendoza,Marikina
de0994a62c9c958bc317b093ffa9bee3,Rhea Gonzales,Las Piñas
4769121de61c3091208a25a439e8e6dd,Nena Tan,Pasig
14df554a3dcbeedd6d116e9eb2bd883c,Patricia Tiu,San Juan
d25b1b7a08b4a87320d61885a773000a,Sofia Santos,Malabon
c50e43077bebfc5fc52cf72fede593c8,Manuel Reyes,Zamboanga City
f572c68b1fd725c6d37fb8b716b790a2,Nicole Torres,Las Piñas
9abb268b07dd5a5a26e2c017a44b552c,Bianca Ang,Bacoor
2a56fdcf15582f96578ed289c61e38bb,Mark Gonzales,Iloilo City
5d137eaa91541f90749f5d674d4061ef,Cristina Pascual,Pasay
3efebe6fcad37e3b44b027a6e9d87fe4,Roberto Santiago,Manila
d04ffb5caf8309b6453d0c94cff0fb36,Rosa Rivera,Cagayan de Oro
81c531610737ccf6e1bf22919eb02176,Andres De Leon,Malabon
6d219bc2205cfca0ee0a4191eb6c3d96,Daniel Torres,Las Piñas
af3cfc296805bb59e55d87fba6f9c29b,Ana Mendoza,Cagayan de Oro
33b8bb3c2f9302d2fce0764ad6b0dc75,Cristina Torres,Cebu City
5d4f2f270e986363cdd063e6f6e3d5b3,Marco Flores,Davao City
2893aac156b124b8e92b23ed28611098,Roberto Soriano,Caloocan
cc8c5f49917262ff1b589ef552477aac,James Martinez,Cebu City
8a3b2404a02b0874ced5945d4a3a7702,Paolo Del Rosario,Cebu City
01c81264157e9412f2577b8b82b52fd3,Patricia Salvador,Bacolod
d28d42dc0c0135d9d198115166f173bd,Bianca Dela Cruz,Malabon
0ca77ab7076bdd140b737d1429809a8c,Pedro Lim,Davao City
8f1f115e0c41a19e7d4f2980690e0e78,Kevin Go,Caloocan
463e00a6d22f5c495e6ef38dee18879a,Carlos Soriano,Las Piñas
36bc11a2e3da1e8d3d02d5ff1639b22e,Mark Martinez,Bacoor
c9aa44309d0fa8f566c08bc60b3bb18e,Jose Martinez,Taguig
41d9e085861bd4f3aac265966705aafb,Miguel Castillo,Zamboanga City
0e1fc5abe4d7f194c380d6df1080bf6b,Carlos Navarro,Mandaluyong
5e5d66541bacd5a15ff9bb8ca63b46ad,Elena Tan,Taguig
3d988ec139f22c71ff5365aac6885c99,Nena Go,Cagayan de Oro
519bd8a2235243044fe38f3d149f391c,Patricia Bautista,Iloilo City
3116934d0c94365e9a9fc435f6b9dc25,Angelica Ang,Caloocan
9f93f2c304fad533686765d469452886,Nicole Ong,Pasay
93913196ff219583d7f19727c46f40d7,Kimberly Torres,Valenzuela
e3a7ced098e6bb0c00e9a3115166c081,Jasmine Bautista,Caloocan
d1f341520ae9b0191ee75ecc17a49227,Luz Mercado,Quezon City
e64b70d6021290f04d80e8572c3b3540,Isabel Villanueva,Makati
23bf54bc9c5f6a9b41a0c97d77941db9,Lourdes Lopez,Iloilo City
52e26dd94c0c865a4deda0c892634f59,Luz Dela Cruz,Parañaque
e97e047f3c867121a330a787e5dce57c,Manuel Castillo,Caloocan
5b3128f8a955e8752f07f50ec4d80dc7,Rosa De Leon,Quezon City
76283ddb30af531d7bf01c7e38bd0f9b,Isabel Aquino,Manila
bc015b70900a2e72fa201ea3362f7ed8,Isabel Castillo,Mandaluyong
e8f0bfef3956193040520125f632ff33,Adrian Bautista,Davao City
12234690c9b95800f16a9b057fd49b27,Miguel Dela Cruz,Iloilo City
9cb7bc65f40c7b80c602550bbfe8f1a9,Antonio Flores,Caloocan
c8e73fc2cb2bfa5136ac3c57531ac926,Antonio Hernandez,Pasig
03396d4f99781bf8436d6563303fc094,Maria Aquino,Bacolod
9d1cadaaff831b735d1470a86a5adda1,Paolo Yu,San Juan
315f38e265898139ea4c30e3b81051a9,Maria Castillo,Malabon
e80856998d165f659bdab0217607126c,Miguel Mercado,Zamboanga City
d0eac523e189b8ef5b8b39fbaca8e14b,Kimberly Ramos,Parañaque
b3aa91200a9cc7f9a64ac8b18e35dd10,John Torres,Malabon
58d40ab16c4d81d5105f90b97464af9f,Elena Torres,Manila
33a1c80275e8d52dc019ca11fded0666,Cristina Soriano,Cebu City
b382683a0626e75626e6df3a243a3827,Angelica Bautista,Makati
cfeade4831874c612fb347139f34eecb,Carmen Lopez,Zamboanga City
0f3c1c1ba6cd4aaf1b9f3e3f0aeadef6,John Santos,Davao City
df0c854f3c6074206a35f9aacae72dd7,Czarina Garcia,Malabon
ad4c769b4f23f4c89da8d55207863611,Adrian Ramos,Quezon City
4be7f36c001475d0ec2aa346c62d5fa1,Nena De Leon,Marikina
3c18401666327c9b248f25dd87637cdd,Patricia Navarro,Navotas
a65376db238d5eb04c5acba493bb19ec,Cristina Ong,Malabon
e68934c1bcc67224578ac59b26bdc08a,Lourdes Ramos,Davao City
233bbd254cc0c7935292aa4518492377,Nena Tan,Parañaque
2d1b5f26164ea05b87bd700d8d54dfe7,Antonio Tiu,Davao City
8262b26eb1dc69e569db6f3c24907c2b,Andres Fernandez,Quezon City
657c32ce88d18d87b67ae9034058ccfd,Bianca Fernandez,Las Piñas
b85df5bbe354c6458fbc868c1b4b1ee7,Ramon Lopez,Marikina
23c3840e7e0d57fd78bf7b1596382ab1,Czarina Villanueva,Quezon City
b5e174c0bf46105d60874da52df20168,Luis Aquino,Marikina
6a7d6c79d8d2166bd3fdc5e1ee67fd16,Czarina Villanueva,Taguig
ff83703f27210d3506ae4cf7b1b4c58f,Daniel Mendoza,Cagayan de Oro
22fa62891f1fc76763f4d6b604751920,Andres Ong,Antipolo
ec5dbe710a382daa2ca626c139711823,Maria Soriano,Cagayan de Oro
f871af7c9e85373e79885ea86ebd1ac5,Ramon Aguilar,Cebu City
073d9601b18a7ee34ed54b6249ce4a86,Juan Co,Marikina
541ee4d314fff6182116a7389ee2a53c,Luz Flores,Malabon
eb73efb59560272834b90f42e9854400,Gabriel Co,Parañaque
756066a252ec248870fb686c9249987f,Fe Dizon,Bacoor
384f934a86cb0f2644f3ec1cc376c49f,Sofia Chua,Bacolod
5bed99a3a367629c252685844901f1d8,Patricia Villanueva,Davao City
1f19eef07c37c04f4cdfc3852171d13e,Pedro Santos,Antipolo
e776cb93e5566b925adddad4a25993b0,Luz Mendoza,Pasig
03c64e53c0f8a1b2276303a2d428c2de,Kenneth Ang,Pasig
ea54af9e85d72d8166ada04164ba3cfb,John Chua,Parañaque
b988efd1a369c9e03688caf6c1910233,Ramon Cruz,Manila
d4694e54e01f190c2c08e705d2f6068b,Kevin Chua,Pasig
d49e3860aa5577b0b50f44072cb7d185,Miguel Yu,Bacolod
acb3bdd8c3824c58e50129458c0b08e3,Manuel Torres,Mandaluyong
414b7989419e27346c8d7f8bab0a8b70,Kimberly Ong,Parañaque
f933846a11a2d91defc2a5b44d55ce69,Nicole Navarro,Cagayan de Oro
fedd58dc0dd3af620119f523f5842df2,Isabel Dizon,Bacolod
5804328ade34187812e230e9f60bb9e8,Kevin Bautista,Antipolo
03fa6e710f14c83938b9b48e1fd5aaa5,Ricardo Domingo,Caloocan
606390a452abed0478df86da0f3fe7d5,Teresa Rivera,Pasig
15fd4d7640991ab1b5c04e0378375a21,Sofia Domingo,Zamboanga City
363c12efa75d4f51e0977e0f0a6f2853,Sofia Mendoza,Cebu City
9727eb5365913cbbeb880aabff092f8c,Patricia Navarro,Muntinlupa
f137549155f8ae8fbff9921c561f2a5b,Marco Villanueva,Quezon City
62e24397ca6dc605027ac0dcfe1c204d,Czarina Aguilar,Valenzuela
5dda81d48b867c8cb3a1189f055f7caf,Isabel Torres,Antipolo
4c690d8585b316df9e613470ec6fa14c,Ramon Fernandez,Taguig
46e96504aac95d1eac891faa380b0c08,Mark Chua,San Juan
e83ea31097eee1cf5f122c9ed4981187,Mark Rivera,Marikina
782259a9a468e9d5abee384a55bd5115,Adrian Sy,Las Piñas
f82dce5b6909d43e39c64241b3c66ae3,Daniel Mendoza,Antipolo
35f5acda07109d2e498032bff4752d68,Kevin Santiago,Antipolo
7839e527442d49ceb1ecb7037f66606f,Rosa Aquino,Manila
b076f7f1928a9395beabd956ae39584e,Luz Domingo,Cagayan de Oro
b59136a614bec0e695a075fa8d05496f,Pedro Santos,Taguig
5db07b9158cc878a4b6d8e862cbb88b1,Ana Tan,Muntinlupa
ec67512b011c036fec5e790960706d92,Lourdes Flores,Mandaluyong
70321cbf11c4bb01d3c43a4c8a1154ca,Andres Cruz,Caloocan
58e04b009f6fb68483b227ea556e1c36,Gloria Ramos,Makati
943cba00b91e4e0f4fffd7572c859732,Cristina Soriano,Caloocan
cbca3d9486238678d1972e56f120e66d,James Yu,Marikina
15f192fc521d99ced997711fb0159596,Paolo Pascual,Iloilo City
1412c45da7ee637ecb65963ce2221fcf,Gabriel Villanueva,Pasay
6ad8417ff1abbecf2b8120ad8eef0880,Mark Yu,Muntinlupa
ff8c18f96916b7c1f6ba0e079f157874,Rhea Martinez,Cagayan de Oro
dee5a6b4a9e57accdc769b13b59de2bd,Trisha Mercado,Malabon
db58268fbee8bb8badbc0f6c681784ab,Bianca Chua,Mandaluyong
7e5542df9467564c3c4f8618088ccff0,Carmen Bautista,Manila
bf9c9cef54fd8fdbeca1aa2d75dfc638,Ricardo Ang,Cebu City
c3dffacff1223739e3919e59a9d0ebd3,Paolo Santos,Caloocan
6393052eb54bc826fb7b21640392909f,Gloria Fernandez,Pasig
5bfef3bdb28d89bb4dba4249473c76c5,Sofia Chua,Navotas
c0514bfd205e0287ac63ba9cb74f9c06,Corazon Tiu,Caloocan
938aea62a3e4a8275d5fef00a0c1c15f,Jose Mendoza,Quezon City
8a76f3c04fc06729d4230d757eeac4ad,Luz Co,Cebu City
d4ae97a8b59728cd1e7e24fdf6e24e67,Nicole Mendoza,Bacoor
8b826749239d9368f281764a55c24478,Nena Gonzales,Parañaque
7bfc814ca5c56318be50b6dfcbf5fafe,Luz Hernandez,Marikina
76bcaed89fd605f493dfc3ef508e1853,Kenneth Hernandez,Bacolod
af2d0f1da317672b6368e1c55d3624e7,Eduardo Yu,Mandaluyong
2ba6ec518251141d5b6cb319fdc22c7d,Angelica Gonzales,Parañaque
c6c6f39aa4fecb7dd3244ae01302ccbb,Roberto Ong,Bacoor
18b1f736b16fbfcc1e1941e550fe6165,Lourdes Martinez,Pasay
26bdc850cf8b396290f322b6ba0b965b,Juan Go,Cebu City
d35ca885262c93a8c6ae66564ab6f703,Trisha Cruz,Muntinlupa
4bad6be03ca2ed4e5e993f13a3d990a4,Daniel Ong,Navotas
9cd1e2039d541b0c25cfcf450115fb3b,Rosa Chua,Taguig
92bbcfc8a0f6fb1fdab2de34ecd3b0d4,Ramon Navarro,Caloocan
b317521dbdea49ab14f9e4ef41a42da3,Sofia Salvador,Quezon City
b7b707ce5f91b7fc1efd137d3cd0f570,Kimberly Lopez,Zamboanga City
72291ca0a25b1c88d157b5f65aeb6892,Luis Garcia,Parañaque
dbc73e9f366bb601c3130f336b2884cf,Kevin Santiago,Manila
ff478d7b87819b3403fa699238b46226,Rosa Salvador,Pasay
8097da238dcee4383730fd897566f2a6,Teresa Yu,Malabon
9a069eb873716fac33000348e0b4dd64,Teresa Tiu,Cagayan de Oro
4782bab4fd3f061dc67ad9d6dd66c8be,Luz Flores,Bacolod
fea5a90295e949137bc2dc6ab48c1765,Isabel Soriano,Bacolod
b4eae8038a9f826fa0b8a2d3c9cb5897,Elena Hernandez,Bacolod
76b38268f5ce7a871147fbbf8edf0a93,Patricia Lopez,Cagayan de Oro
8534e9e0cb196a58ed808afbc9b56d72,Luz Flores,Taguig
013d808cdd93252d3768e237048190e9,Angelica Bautista,Marikina
a23a7f2148d81f75d783334c00d5dd06,John Santos,Parañaque
da377268e730b531e3365fe9ebcee820,Kenneth Villanueva,Makati
b13fdc3214081605e5d51736dee32197,Kevin Torres,Cagayan de Oro
5c25f2267fd0e6e93a80528adb7d1495,Jasmine Torres,Mandaluyong
a83281a5d20935b547cc7c2ff57394e8,Kenneth Tiu,Bacoor
7bf98231b1dbdeab26042c3f0f55a88d,Mark De Leon,Mandaluyong
e39889cd000e032ea0377ce050fe4df5,Daniel Del Rosario,Cagayan de Oro
04539d2e483f984719fbaa92bfce986e,Sofia Villanueva,Cebu City
ffc2ae8f94effb184d32ff4a20f1e498,Ricardo Aquino,Bacolod
07e7fa746f1fafcdd4b0b28925d559ab,Rafael Cruz,Las Piñas
de3e08858233f05e169d8f544069405f,Daniel Bautista,Pasay
58c7e1aa250bffff56ed0d996ffb5b6c,Miguel Aguilar,Las Piñas
3dd613ad3c6f197f3250f2a7e0d30afd,Marco Gonzales,Cagayan de Oro
964b002d03656a303eb5b66159d6a0aa,Jasmine Bautista,Parañaque
2ea79500b18a5813fefdba971f95503b,Adrian Rivera,Mandaluyong
734d7d342d7640b7b4e6d3c2fe932616,Ricardo Lim,Muntinlupa
9465ebdbc34c2d0966b05a96ef4fccba,Isabel Dizon,Zamboanga City
fa22945a841e0157433b554a067909bd,Adrian Martinez,Las Piñas
88b41a5f643f7cdfc7ca79e9096cddaf,Miguel Ramos,Malabon
0811e0a3c7a467a0efba03e015e6ec14,James Dela Cruz,Davao City
0594a22a116e8e5685b5b92f6d1831b0,Ricardo Soriano,Taguig
3e992c05451a5edf3cae186a0b755ef4,Maria Mendoza,Parañaque
80048d212e857234a0689ffd041b2b2c,Mark Castillo,Cagayan de Oro
94af7ce1714fa99ff3b640aa7700437f,Bianca Reyes,Muntinlupa
47d5e66fb9a6862ec4ad96259ca03eb9,Corazon Dizon,Cagayan de Oro
a1e1962305dcd16af129064404c1b229,Adrian Soriano,Bacolod
3f2355f5a68b2e74fee6a112e0c8e95e,Nena Tiu,Pasig
c07d704216d4692e898eb5b42447476d,Antonio Garcia,Bacoor
1ca5aee280bba22f136a4cf6bb3879d0,Antonio Gonzales,Navotas
f1c0cbefd146cd318038a17b75f44a32,Carlos Ang,Las Piñas
c2f32d68581eb68575dc6b836776a5a0,Manuel Ang,Muntinlupa
5b82e9b96bc6be16591b173a514bd72d,Sofia Martinez,Malabon
4862d75e8ccfac9627df6ea4286d0c70,Jasmine Martinez,Manila
935a47a8922ff66efd343edda5f59e90,James Hernandez,Las Piñas
bcfc143c3af835257663ccc2c808a269,Paolo Castillo,Las Piñas
ef7100438c0abb4c078b5ffc36a6ec23,Sofia Chua,Taguig
312ffdf4e5aa4ae8ca586b387b4f55a0,Sofia Hernandez,Parañaque
7612871d3a6efd3cf6e7b3c69635f374,Ana Reyes,Navotas
05ef8c6bebdfd38f0f5b3d0be8a2cc37,Josephine Co,Bacoor
e085e462c3bdd3ccc248ccb18ffe3b5e,Eduardo Dizon,Iloilo City
5749cd576b24ec3239eea8f23dbe9c78,Jasmine Lopez,Mandaluyong
9d7203542c0d87e2fd34d9bae768d527,Miguel Rivera,San Juan
bde7b4c912abc37340f0377fe3d5fd97,Teresa Go,San Juan
c2ce2cf022ab16432a77f8c641471b51,Bianca Go,San Juan
72238df5b155c07dfc825e7830a21178,Roberto Ang,Cagayan de Oro
f549310b67eee783c14e93222dbecb86,Isabel Villanueva,Taguig
67a67b40e67f726d390466e1371949b1,Francisco Dizon,Pasay
757856220df8d8bca2b77ee6e4860d15,Cristina Aquino,Valenzuela
268d04889b7fac14c388d1056a0022a4,Rosa Mercado,Bacolod
7feee4943c8897f657862d9fec369cb1,James Gonzales,Pasig
aab301469b89f98b8a0ebd0ade9c3c03,Elena Hernandez,Cagayan de Oro
aded0fa08a8775ffdea4e705c14a7bbb,Andres Bautista,Makati
8e1581910f8d95c065dc7688446909fc,Carmen Tan,Las Piñas
17d21371b543fcd5548cc5c85da99074,Kenneth Ong,Pasay
6d9c6ca4d6d5f0aa8b2852e1d87a2076,Czarina Santiago,Cagayan de Oro
af9573a8b08bae5058cadf6053222756,Paolo Sy,Iloilo City
a3df6480d96bacf7e558dc96829aaeac,Fe Martinez,Bacoor
66d0534d146ffd0477da02e5ed5e753c,Sofia Bautista,Mandaluyong
28d3ec86f8524eb2aed1a8afffeea71c,Roberto Lim,Makati
2556f168fcf30b0105d93ffaf141e8db,Jose Santiago,Antipolo
84871f79d0ee040e2c23c6312b230db0,Manuel Co,Cagayan de Oro
bd8a875e4d2a64dcdcac94faa3096418,Bianca Reyes,Las Piñas
c939836b8654be78807544459bcf8515,Isabel De Leon,Antipolo
90842a465142fa2bf14e323baaabbe69,Jasmine Ramos,Taguig
c2db333aaaae8a4d50008760f33a52a2,Roberto Tiu,Davao City
0a78d18308cda11dea0d0327a716cbd3,Gloria Tan,Manila
3d395bed21521fe9aa19ece40d10a867,Juan Soriano,Quezon City
7dcfd8325cd1be74c5ecba8acab95f83,Bianca Garcia,Antipolo
08feadf254c72fbcee0141daf71ba1bb,Luz Del Rosario,Valenzuela
646f4d013b50773cd4e6297e387b294d,James Co,Bacoor
8235ebdbaf0601274fa07f664c705c35,Patricia Salvador,Makati
2c7e981ed4b87778095fe1a70be6eec6,Corazon Domingo,San Juan
c2f1f1de3aaef2a78a1811282d734c1e,Gloria Ong,Parañaque
ce7f19dbe1e6670c7defd9b50a439dc6,Cristina Gonzales,Iloilo City
33320b3dd7d9677a76cb3d91d0b5138d,Carlos Ang,Navotas
8a3642b60ce08235fd428c1c80a99f68,Gloria Co,Taguig
6dc33862b73c7ea931cf9f0889c90995,Patricia Pascual,Zamboanga City
0a8ee603d73a443389e80dd460adf86f,Luis Tiu,Zamboanga City
210b293523898849ce9d358d869c7af3,Kevin Santiago,Muntinlupa
1e18b86db307d440ef62738b974d9887,Luz Sy,Valenzuela
20300a2606bdc849525db50e02a601a7,Bianca Go,Muntinlupa
b16410337d18b4d4f24c2ad8739d881a,Roberto Soriano,Antipolo
622a976f44289f0e267f8c1512004533,Rafael Sy,Davao City
436c2fb69c2f0d400011aa00b5fa8785,Daniel Hernandez,Iloilo City
edbb6e7bc75937228afac5ef32e1eeac,Mark Chua,Zamboanga City
ab747f4dbad2b8814454840fcbe81219,Manuel Reyes,Manila
4c117e89cf85e086c9f53284ddb1d5b5,Pedro Navarro,Cebu City
2a1bb40492d40991469d483289b40a88,Trisha Mendoza,Parañaque
345754651cd3897e55acde10caa8c7cc,John Soriano,Antipolo
b62d5979422e231c3ba05402a2172a33,Marco Reyes,Pasig
12e6fea1b532739f11df589677bc099d,John Ramos,Zamboanga City
fc7b017058eaf2e0692122c63ad7d896,Ricardo Cruz,Pasay
604141afbee777bd0357998926e699ee,Kenneth Flores,San Juan
d16e6fb7f47cf86bf981d91b612170c8,Ricardo Domingo,Quezon City
94da9a607df47e1e47743b762f1bea70,James Dela Cruz,Malabon
bebd174d0844749ec013707dae293ba2,Luz Soriano,Antipolo
5bdf47a9afa2cf4b1f41e47dcc81ab88,James Domingo,Cebu City
3bf3d14215624693b220d8ae54441a93,Andres Aquino,San Juan
66c8e07d7ba86547c123d207a6a808ba,Bianca Salvador,Davao City
71b41185be8649bb026906086f4ba4ce,Juan Dela Cruz,San Juan
e4f6cdab218da4a33901a16b085f2ec1,Luz Mercado,Cagayan de Oro
0875a91b51419916d23f66cb0237151d,Kevin Go,Pasay
82b65bc9543d3354927b6827f10bb885,Lourdes Dizon,Malabon
a9f9c1f8ef5a19addb22806f58f94c07,Ana Sy,Bacoor
344e8569ac4d7d2858d78502496ea006,Isabel Dizon,Mandaluyong
af90dbc2e5c1912b777c3d51a468830e,Carmen Villanueva,San Juan
8f33ea2ff50c1588cb36245f8ca75ac6,Patricia Ramos,Bacoor
65a8bad876a37a16f5dd95565a494007,Roberto Dizon,Bacolod
5773135466a403bc2f9ca9a9794c18f2,Rhea Hernandez,Pasay
bd98c18f3ee281590ec15abf7ecbc312,Adrian Mendoza,Parañaque
093dc83015beab7c8af1b824a4e65929,Isabel Cruz,Malabon
6fc4924f76623ac640ef44c2091d184a,Nena Navarro,San Juan
f3d25bea5c943b4ce73ce44600717fd8,Gabriel Domingo,Pasig
6bc1a938b7168d2bda096096ce701a70,Patricia Ramos,Bacolod
529d8944f7815ff7828439edda36cded,Pedro Soriano,Valenzuela
343d88de5e2f962da219d8a8304de89f,Elena Pascual,San Juan
5d8a94c6343a119f819e376c93e029d3,John Flores,Caloocan
ccf1425172cff4683f4dc1ae62ae09e9,Jasmine Bautista,Antipolo
b44dc9b63839e0843d2b7f1789f13d09,Nena Reyes,Iloilo City
d216bec33bfa0262512834098917ff07,Nena Chua,Caloocan
3dbfd974232faa5379fff0d999c99df4,Ana Aguilar,Pasay
e82b398967458c75781b2f344162c930,Isabel Lim,Valenzuela
85ea9c4e86a3d0a1a231ad533283580d,Teresa Martinez,Iloilo City
15a8beffd975814190969780ca441173,Czarina Torres,Antipolo
133b2c049d00d10e1a45ecc08448e242,Isabel Reyes,Caloocan
31f1f4e03120a5075c4d8897cd83e21b,Rhea Santos,San Juan
9f874a406af07230a4370f22febf7a85,Gabriel Tan,Makati
a9b1a96bb852a07c6f0421eb038b6d6d,Miguel Bautista,Zamboanga City
8c29daabb505bb25087cd9957245a812,Paolo Hernandez,Las Piñas
7a387edc91481853ef654923cbfdb15a,Ana Navarro,Antipolo
53d38f2f5e65c5290c9739342403a4cc,Adrian Dela Cruz,Caloocan
a4d51c4964311a2b0a399931e05eb0bb,James Garcia,Mandaluyong
4f1c6709b1fa97a32422bd6518e63d99,Patricia Ong,Mandaluyong
267e3730f307d0fa96ab6a43c35bc8cc,Pedro Sy,Malabon
8b53d42e5bba82e7ada2d1e6b3d6f6ba,Carmen Villanueva,Makati
4e5c2f6d08e14b0db55b70cdb7103147,Luz Aquino,Davao City
7adce6ac5a982bba69200bcefd88c700,John Aguilar,Davao City
efc47da34c631b17828d00cad9c20fa3,Antonio Co,Antipolo
9aacb3730001ea03e3106d9a051a132a,Antonio Rivera,Muntinlupa
a5d06429b61be6c0f086e8ab53dbe7c8,Francisco Gonzales,Zamboanga City
4dd283329982fac6514e4345eb4276c5,Ana Rivera,Davao City
417a4c62ea7d08c89cf2bba6bd317a4d,Andres Domingo,Zamboanga City
cc01daf6628a5123649457ef7f2a69e5,Trisha Ong,Taguig
8e14cc6bf096dee4a8a486d5fbae9cc2,Carmen Del Rosario,Makati
c6c7e27fd9d25541085148f7ee01a4be,Bianca Aguilar,Parañaque
33bdc83818ffd592bcd116cac0238f40,Corazon Yu,Parañaque
90fd9acd466c5fda849b82f4241fb188,Fe Dizon,Mandaluyong
5bb37e202d467d75f2bb313dc841c944,Luz Hernandez,Malabon
bd306503db805c9b65f37c20a005c818,Juan Domingo,San Juan
054bcf964eac2d2058f7452777448803,Luis Ang,Parañaque
da845d0d66ef30a59ab94e6751759bb1,Roberto Ramos,Quezon City
cac68b1ec8b808d5b9d24e4063006f89,Paolo Fernandez,Taguig
71f6a084f2b52be42644e99a56e82e25,Elena Dizon,Parañaque
da48b670a630a9e7d1458e298bca4645,Trisha Bautista,Muntinlupa
248dd09f59bc009c6967d437264e120b,Cristina Dela Cruz,Navotas
6f5ad8b968d439b647f9478866e4f806,Corazon Hernandez,Zamboanga City
a1a1338dd27eb42e6876daf3ff3e2552,Jose Mendoza,Manila
43ba85a3bd460625c9ec5ab28c4c2ca6,Mark Aguilar,Navotas
2cde245e870c1f04b38a57316216fb13,Patricia Hernandez,Muntinlupa
9af01bf0a31fb0e7ed33a8ac480c07c5,Maria Ramos,Valenzuela
b3ded2d8326fa1cb62bca520276c093c,Lourdes Soriano,Manila
160913da1a67750e5b6b96b8e1caf8d0,Corazon Dizon,Marikina
f9d36020e6fc29b9b458c2e1e28812d3,Ana Lopez,Las Piñas
076a72aeeeb007a9907c9daf73266f8b,Carlos Mendoza,Muntinlupa
2ebc46748a22ecdee393941d58b1cdda,Fe Ramos,Parañaque
3c6f0a453284a35a645ce503b7790df8,Roberto Ramos,Malabon
2b5347698de1eca1d89a26080a98c428,Rafael Yu,Bacolod
b8593c81dad88e5a81eca55f7ba6d713,Luis Villanueva,Bacolod
b68355fdb8cef1fa09753fa3e78fa05d,Angelica Ang,Malabon
3aff744bb1d917a25d2643ca6a30308c,Luis Fernandez,Bacoor
54440a7187802c718dfb3203b3efee7d,Teresa Tan,Antipolo
431ffae07251583973b5d2476d89ea00,Gloria Torres,Valenzuela
72d6944d8e70265cbbdbee2b745e14fd,Paolo Dizon,Antipolo
163cfbbf36b47c585e9bb257e091e1a2,Maria Navarro,Caloocan
7dd46d59160a8c274e297f421c6547c8,Cristina Rivera,Parañaque
34483849947b9813bcacada0070ad645,Isabel Mercado,Valenzuela
b6e88c2b5727bb8b777a05fd45f3ff60,Andres Pascual,Manila
bddd0858e70947ea9ac3672d875eaf52,Elena Tan,Muntinlupa
0dc383c934dd6a9688eb0f4c378b6ea2,Nicole Tiu,Mandaluyong
81c26d62389a6d6ddf78c50ecbb02583,Ana Fernandez,Cagayan de Oro
e6164ca3e012b6f6e2864695dc60a8f1,Jasmine Lim,Cagayan de Oro
26a33b9fd2be748dc895140098d93bb3,Francisco Soriano,Muntinlupa
fe9ed7d5e56b4504025c5f3273698f7f,Gloria Cruz,Bacolod
fee7826f882971326a7830cd71b9ab34,Maria Mercado,Pasig
a3236be043e9dd1b623dd4855bb5662d,Paolo Pascual,San Juan
bb446496109d0ff6fea44cfbbcb54125,Rosa Navarro,Davao City
d9ab700c0e40eb54e696f54c8f4bb125,James Chua,Bacoor
15f675101517f88d853167bd18b01369,James Del Rosario,Malabon
3454da244a373a3c242d5ff4a20584f8,Kenneth Martinez,Manila
1a455ecd6542cd91967299650f21d582,James Mendoza,Muntinlupa
e58182db8b227e8a4c3db42434e944b0,Carlos Ang,Navotas
a81c96d90ca637819b434bb4f983cf99,Angelica Domingo,Navotas
2c5d03a5302f8202923b65b0c67f3596,Isabel Tiu,Cagayan de Oro
cfcbd6c6fd5734a9aa59d60f9532e7ed,Elena Aguilar,Manila
a542309c6880d105c5d0e3959cf52424,John Gonzales,Makati
4cb629facee300e625d68b229f2fa3b1,Eduardo Dizon,Iloilo City
0c0f48ddf5e52679e5acc74bb463e6e3,Kenneth Sy,Parañaque
d96079a38b0b2d572dd5487fb4259268,Sofia Soriano,Davao City
1882919f09113748fd53192bff47b09b,Mark Villanueva,San Juan
3b72ffd41e9858ff2fafa1e1b7b4845c,Nena Castillo,Pasig
2916bf4f08d6cd8f8687c204c414c528,Jasmine Go,Quezon City
690cd59cd91dd3f38b0d596ebd2a19fa,Gabriel De Leon,Caloocan
cbdfa32e9e28018841186f3ccda843e0,Czarina Dizon,Muntinlupa
bb0981527abb809fa9c64dea9f400bcf,Gloria Castillo,Mandaluyong
c8caf4f3854d3fde6c088cc260a3446e,Pedro Rivera,Taguig
4dd903ac2993a4d366e8babaf4ec3c6e,Elena Lim,San Juan
221d0a0c403a6625718a535844a56e50,John Dela Cruz,Mandaluyong
547bcdb87d47910f00417175a9f89497,Luz Lopez,Mandaluyong
dbf9a7baff13ad6f1ad49eb79937a9cd,Isabel Yu,Muntinlupa
80dd508d152675321dee30ab73671002,Lourdes Aguilar,Caloocan
748259bf7a352ecdbc81ca5f1b49f02c,Miguel Yu,Parañaque
10f811fc89132bcfcdedb7d318e8eefa,Czarina Aquino,Caloocan
9a12603ff99faf20dfeba83108a340de,Lourdes Tan,Makati
8dc3597a9ada11bd69cd4a9cdfab11b4,Angelica Pascual,Valenzuela
fd45e8585efb7fc30eeb361d056adfca,Kimberly Sy,Manila
534992c35515fc855261dbfc0b4af03e,Kenneth Gonzales,Bacolod
bd6549253c3a2410d587611e5ed0b60f,Mark Domingo,Malabon
49f8a4f7e57327d17f06713cfb60e448,Manuel Villanueva,Quezon City
86b1ef165bf6d6380d42af2c7ef75756,Daniel Lim,Marikina
589dc94d6e6f28417a45dd61db253903,Nicole Santiago,Antipolo
dc5950d1b836c27b9b86980462236d8c,Kimberly Lopez,Iloilo City
0aa2622abe4cd2eb1ccc9e2615256b7e,Rosa Tiu,Makati
3826e7407275b5d29334530c990d6616,Ricardo Chua,Iloilo City
83880ded51439e705632a1a0afce6ef0,Teresa Bautista,Quezon City
b16bc331d126de06fd41b8f4759b5671,Ramon Garcia,Manila
5b265ec2c715c617bdd7203a7455cf30,Luis Del Rosario,Antipolo
f93dc0fa8dc5d290e16218de988ac2f6,Elena Fernandez,Taguig
3f7850d363157866fa560d78eb608af7,Paolo Cruz,Manila
3580e1eff8c84cca112c1718117530c9,Sofia Santos,Bacoor
f2887325da42493558ca21dd1e0cc785,Manuel Lopez,Davao City
d15978fc73fd9fff960cf5429e7a5d4f,Miguel Yu,Antipolo
d3fdac64d41bc98e6ff528afa873a026,Patricia Co,Davao City
7389f16ae4f162de1fffaaf11f7b36ce,Paolo Rivera,Valenzuela
5cd5d86f620ca37f787811457f60bfe0,Pedro Domingo,Cagayan de Oro
b3a147d5fb1c4cbc1265930ead092fd4,Lourdes Navarro,Cebu City
b94100cc6b032fc8fc3ddeb3538d5aba,Antonio Flores,Navotas
92d837c7b7ede44403e1059f645254c3,Cristina Yu,Taguig
9b3652e195eb4d878715bb82b3fe8bff,Kevin Pascual,San Juan
4634845045365a321d4c6da83e9750ee,Cristina Reyes,Zamboanga City
0934e9dc4a68f8938b8be10a1da01677,Juan Cruz,Caloocan
4b16af498ea8cfbe7971520d6f8f9c84,Cristina Aquino,Marikina
cf7d3375c802599a10da84fd8350d56c,Czarina Sy,Pasig
71efd84a0a7cde2f42a0958c9cbb31ac,Francisco Ramos,Bacoor
21dbee34368abdc4956ab7ca354e5d9d,Andres Aguilar,Bacoor
93b8e15374d18cc0fde95e2218ad6ad7,Angelica Navarro,Bacolod
3a881ef0df29361a0ec33cb385c4501f,Maria Pascual,Zamboanga City
3c547ff556b8547d292cd976b12ff7e8,James Castillo,Cebu City
1cf35b3ce1e8f0915d0f88b053f5f295,Rhea De Leon,Pasig
7f7cf8f9f4d75d33041cc1cab6faa534,Kevin Fernandez,Las Piñas
1a185249aa5e9b65c478f2650f21bb24,John Tiu,Cebu City
3233bf236a3bf20d1b7d440e01feb92f,Elena Go,Navotas
d90bd548840b8c9c36dd63a1f0d0cdb7,Elena De Leon,Manila
12791784a7f1737f715592b55022e5a2,Pedro Del Rosario,Las Piñas
2e5407750ae8ad382b55849b7b6a7da9,Teresa Soriano,Navotas
89dd96f5a40601a0997c138690ddb597,Elena Dela Cruz,Cagayan de Oro
423216d5ef30394e978122e0c3db9f6b,Eduardo Del Rosario,Muntinlupa
2fb85075a1fb7aadfe1bf545c3531e1c,Kenneth De Leon,Muntinlupa
274622b93718e17bacee9d62eea6027a,Cristina Lim,Zamboanga City
75776a60b80ba18bd4036deab4379dea,Antonio Pascual,Taguig
a5c69d882172788f563e3aa90e36265a,Angelica Ramos,Makati
97743398337afb76ab2cd76e402b165f,Andres Sy,Navotas
a9d06adfa881b9247fdfa0150bdf4eb9,Miguel Mendoza,Zamboanga City
954a4a2dc096db4f5383098faa6045ce,Nena Del Rosario,Iloilo City
355ae291983501eae8be98d2579e6233,Kimberly Soriano,Antipolo
d53729f2daa1c0b8bae4bda2d510e605,Patricia Ramos,Cebu City
f2eb5d969943e7d654d54355cbc17731,Ana Santos,Zamboanga City
f3d9ae3a0fd87d72b7e299cf9ea19d11,Lourdes Ong,Las Piñas
2b25d9302c69122f6ca902b9b5e1d60f,Kimberly Castillo,Cagayan de Oro
cf8384bad03ab5901440b7eaf3f26d04,Nicole Flores,Bacoor
a4913b5bce2063cc82ba8a8deb741c22,Nena Hernandez,Cebu City
e04553bb8c14306dc6a62dd12fd9538e,Ramon Villanueva,Navotas
a213a61977a113f31ceb5c8c6d7e3cfa,Daniel Garcia,Quezon City
36080913de865b378b9ecb2d4bbaaaee,Josephine Santiago,Marikina
e329a4916965b9ee5354dcc152144283,Rafael Tan,Malabon
76347fc50f3a07a526c0ee9221f973cd,Andres Santos,Parañaque
be951ec7950312e1c5354c8ac4de212a,Elena Del Rosario,Cagayan de Oro
8230315028d6c572754435d3d7d941ab,Miguel Ong,Marikina
be47643dfc902b9e841d34541435c75e,Elena Hernandez,Makati
be0f78f27c407415f94199f1a0fd17d5,Trisha Hernandez,Pasay
113e3185d0cca0438e018be8ddaca5f8,Angelica Tiu,Iloilo City
fbaffd46db48d1b42412e9f17e70f1b4,Daniel Fernandez,Mandaluyong
22a0520adcca86e74588bc9638607df7,Andres Ang,Manila
faf8df2d30188b3b7d96e8af4ab65c5c,Kenneth Ang,Parañaque
d3d3f132ac16e6c1258964148be978c3,Ramon Aquino,Valenzuela
edb55c76c089c3c74006fa09496d57fb,Maria Dela Cruz,Cebu City
027d137a634af48dec0fe0ca5326c47b,Adrian Villanueva,Parañaque
f3cb35e5b6e41b89f98c0497f1582e5a,Mark Santos,Marikina
86cf15a1a6f56ca05651bdd695654982,John Sy,Iloilo City
1538feb33dce2f22bee0707ccc49fdf1,Patricia Villanueva,San Juan
9c2d1a47314c2548e12e0fa02c2613cd,Eduardo Ramos,Zamboanga City
4e65131ca09648d6b68e385629b52821,Teresa Aguilar,Davao City
353c2b52385e77db6c3111894990fbe6,Carmen Santiago,Parañaque
71374d50eaac89fb289a3a1b8c864d10,John Ang,Pasig
1ecb05290dcde19c28f858ac3ecdb91f,Josephine Lim,Bacolod
96319b9c66279c3de674aca9143d2503,Nena Sy,Pasay
bd5af18fe1a183d7cab16098bb9474de,Mark Ong,Iloilo City
5b7fd62359787c3287eec9654d1e2cb0,James Dela Cruz,Caloocan
22c0fe235f481e033eb5ebffbe4dffcf,Nena Salvador,Bacoor
9ba3e5fac07a82797c9b8b197445f16a,Czarina Gonzales,Malabon
f08811bde6a02c67c4ccb93b1454aad5,John Tiu,Valenzuela
de3ac26de5992f1927e1f965bd2bf6e0,Jasmine Fernandez,San Juan
9a723f38b194ae754d1d6afdd0538c19,Eduardo Salvador,Parañaque
24dd1dd9bab8b1edb84f600eeee6e76f,Teresa Co,Bacolod
3f8bdaa37526c7c0234c792c182ee4a5,Adrian Del Rosario,Navotas
59183096c49c404b46ce385760ec21d1,Ricardo Santiago,Caloocan
19f5ababed3c4f2c6b14211fcaa938ba,Kimberly Salvador,Mandaluyong
8066087bcb5bb0975ed0b07091491fe7,Andres Tan,Antipolo
de6f9d2f533d3336171775b347d260e1,Manuel Dela Cruz,Makati
53ba2b2116bd354bf30a0bf37e8937fd,Mark Lopez,Caloocan
1ad1dbd102cc450e43a0a3b44a544eab,Teresa Sy,San Juan
9a1ae53ff3e6a0c364c4a1c01d16f5d0,Nicole Lim,Antipolo
bda6afe7648a72f95a7293625b271a0c,Maria Yu,San Juan
8286d2d5947eb7b02b24ff55864c2920,Isabel Domingo,Navotas
b50f6bc3c093444e562f874ad0a54f7d,Mark Del Rosario,Bacoor
e86e453e32b12355ca1ab260bdc7256c,Luz Santos,Cagayan de Oro
ef82abcc250626a6a7bbcd64b585504f,Andres Lopez,Muntinlupa
e45dc60f07f66695196bb1923f272305,Jose Santos,Mandaluyong
05003075639b2568884d03d7845cba0d,Carmen Ramos,Manila
05b23b9ec6416310b6fbe0c825bdfacb,Adrian Sy,Valenzuela
8aba1cd1f27c9f3ca38bd5666be4e7eb,Mark Reyes,Mandaluyong
9809d58333ee1a9dd631e8f4af79d44d,Luis Lopez,Pasig
79ebd9dedef855b8c9ef3fc103514418,Lourdes De Leon,Valenzuela
bb3db678f010d87b0280d869892f0b0c,Carlos Pascual,Taguig
483acba4e9c017f0c34350a5a4f4e1aa,Josephine Reyes,Marikina
22c50718a7be6e15b0f86f71fcd5e2e1,Adrian Flores,Caloocan
674abdc38d6ac9bc2c80a62d3722fcf9,Rafael Yu,Mandaluyong
4c2dd0da3558ab6f3b43334b19cce755,Maria Ang,Caloocan
88f490521a9cce36543e37075235f4fa,Josephine Torres,Bacoor
a7204a8152c7b5d0b25c82435ea5b9dc,Kimberly Aguilar,Zamboanga City
c613042b6ab78dd354136c9adb85b86c,Luis Rivera,Caloocan
9ffce1eebec15cf96793a9f4136bea8f,Daniel Go,Malabon
9a8e8e7ec375c420f99766753938f71f,Pedro Rivera,Manila
6302d5ab639d0886d3b5afd9688de423,Miguel Hernandez,Pasay
d385cf77813564cbfc9265861bee9b8a,Fe Ang,Taguig
b4e70d82a39c2ae448bb8d4bf9e1ac29,Isabel Reyes,Makati
d04b2c2101001e0eac380ac4390e23dc,Lourdes Lopez,Antipolo
797523e78e9c5e1d4a8a439cd61cac45,Gabriel Salvador,Bacolod
6313c5949b842c14283794ab6582c7de,Maria Dizon,Parañaque
d39dfa487d2bdaab66ec7f2802836a26,Francisco Hernandez,Valenzuela
a5ea714968687aa57229db013bcdb3c4,John Mendoza,Malabon
af94e66fa14cc0b31dcf4e31ba823f06,Jasmine Co,Antipolo
7e2d7526acc6bd7368a3090c9cfb161e,Bianca Ong,Zamboanga City
af375c5185c66ff9bc32873e2c53c72e,Josephine Rivera,Valenzuela
06c6418e4cedf456cd55ee9e9be31890,Luis Dela Cruz,Iloilo City
c520266de0387e5d33e983816c6d6efa,Miguel Pascual,Zamboanga City
92c9dd2b2593d3589b45f747c1042851,Manuel Sy,Valenzuela
be50851358b86803baaa81abdd519281,Rosa Pascual,San Juan
af934893350632d264d9e0f9075c74ea,Bianca Martinez,Manila
1a7295eaf1d3b78449d9a09e8034630d,Czarina Yu,Makati
7ec6c1a020e4fda0cf5c4b9fb5dcbbc4,Carmen Mendoza,Las Piñas
077f81ca22b9e9ebfea7843d074f530a,Luz Torres,Antipolo
73abbdd81c3119350d59861456e264e5,Maria Villanueva,Muntinlupa
00b4ddd36a3522e7d815638bd02ba6bb,Czarina Villanueva,Zamboanga City
bb58c7caada431ba9e25315f03c7bfdd,Manuel Santos,Antipolo
3a2cbd0fbb51585220aa7f327eb555be,Cristina Domingo,Las Piñas
c56c1f9e14f0a4394a43727847c338fe,Gabriel Lim,Cagayan de Oro
98ea911010fae4d8409d76ff81757fef,Rafael Villanueva,Navotas
a05441033ce03053d87e49cae9fe6ff3,Rosa Navarro,Marikina
ddb1ec882a276719738435c0725db2ce,Kenneth Aguilar,Valenzuela
0335056f870a1111b3a786c578e900eb,Lourdes Lopez,Malabon
e0ffa2703a9bf408a7f330fa57084fef,Francisco Bautista,Pasay
e281346be3874c31ce2eceef9124f9e1,Francisco Santos,Marikina
e3266bbe972290b1d2324dc58c36c2b4,Rhea Rivera,Parañaque
20e088ccab1c22c9d0c7f71937147b0a,Juan Garcia,Bacolod
da3061e645fcf5176c7e75d21152eb7f,Miguel Tan,Malabon
cafc2204248647f3370c3755ee414496,James Lim,Mandaluyong
62c9f7dc260de55d988de3d9f7b63228,Sofia Sy,Marikina
1c2be333542cea716423bd077b4a76d3,Cristina Dizon,Zamboanga City
a5191c87afdab30bbc840bcfd58d4700,Bianca Soriano,San Juan
12cde137f8356f3b6d6a0cd12bf9b05b,Trisha Go,Caloocan
665d1a04aa4ba23e7aa9fc16425677d2,Miguel Rivera,Las Piñas
6b29c979672b827227bf151cee7539f2,Andres Del Rosario,Caloocan
8ed277a14de72990af33dde92cfc81fa,James Villanueva,Antipolo
4ec7c0ff233731e1089f79e6f10933f7,Mark Garcia,Cebu City
4ad7284372d8ff7579ad91f49ec4bc9c,Nicole Lim,Bacolod
8248e3b9ba6bf5900e1eec0f67f01358,Sofia Tiu,Taguig
52f989ddae6358e4ea8c64ee2ffbe754,Elena Fernandez,Mandaluyong
4798d22ce4043c617dbc12401bd8e15b,Jose Del Rosario,Cebu City
9804c4c835567c071dad8040b27e557c,Mark Navarro,Bacolod
b57b6d4f2d544456615efa572df904f4,Antonio Mercado,Malabon
0862306bfa7a7ca12e336a2ebb6f20c9,Marco De Leon,Zamboanga City
c16b0a42aaef82f43dbd8a1c6f71c7e2,Francisco Castillo,Pasig
a27dba62325dd011bcd452bb9fcdedb7,Teresa Reyes,Taguig
66ae91da542ce49b91b8ad2f56e191e0,Ramon Fernandez,Taguig
38ba991524a423062a7fb037a1c105d5,Gloria Martinez,Bacolod
e88d53f22ca0d8faeb2326a9cb9b657c,Marco Garcia,Valenzuela
1a90fbcdc2eb595f9b4abd2ee2378f68,Eduardo Aguilar,Caloocan
c63b539c691c509b5233f5f885672cf8,Gloria Go,Bacolod
da89ec7391ae1450aa1e3dc54ef822b5,Paolo Salvador,Navotas
f1e774b1cdb8408c2a79cd13aa8cf436,John Soriano,Pasay
304f6d23208832ba0751eaa8aea42a0c,Luz Aquino,Bacoor
89ad1d4c7c9df41bb4f3fb008baacf84,Sofia Soriano,Las Piñas
e278ac22c0df417071ad49d313beb644,Elena Ang,Cebu City
30a2381be3a5514a7a2444566d5a362a,Czarina Ang,Taguig
a038237c993eb8c3552630d040f20005,Carmen Go,Las Piñas
5a2eeab293671d395f49140f81dbec57,Juan Soriano,Antipolo
7ba0c3750201b4c6fcbfd87b01c349d2,Pedro Ong,Marikina
b1a34b003a1e146f8ea8730d53060ceb,Fe Mercado,Pasig
49a5f55c0d8d29a4e73e736cb287e2e5,Luis De Leon,Las Piñas
0635632d71cdb9428cfa2b543c3cc0fc,Rafael Co,Manila
f62c76685ca0292a03528b972bae5f24,Luz De Leon,Zamboanga City
ea89162d146d07d2771bad6deb3648f9,Patricia De Leon,Malabon
697f22612cf887dd640e45ae7b6b0e7b,Kenneth Yu,Davao City
4139add779e10a7b195977706bccab61,Paolo Santiago,Caloocan
99c3ac980910522a1907e7ea3dea2ef7,Antonio Go,Quezon City
8be8328c609ded145c27670bca419a8d,Luz Flores,Quezon City
3f4809e61774590acca6555bcc770a69,Isabel Torres,Malabon
3e27e330b2e79cf85ab5fe60bb9f98ef,Jose Fernandez,Las Piñas
9d872045c9a896c4a9f08b2fa2fe5b2b,Czarina Co,Zamboanga City
52de2556eddc9e60cc65fb41f830442b,Nena Castillo,Davao City
56a46235677f164b62e03ed6a9b1f158,Nena Fernandez,Iloilo City
93ea3e1e8cd80755021918dcf8ec3555,Trisha Aguilar,Valenzuela
bb7ef9aedd4ceb522dd7a96f2cf971fb,Ana Villanueva,Cebu City
0a7ee1bc24c37558aaa17f4a5e5cdc23,Rafael Salvador,Manila
f04ca2c2093fd1acd86cc2999f4891ec,Rafael Ramos,Navotas
cc0ba7506450985b10808ed082d85b8a,Carlos Mendoza,Las Piñas
554996cc1dfff72ce297f995748de87f,Patricia Aguilar,Valenzuela
18808800c0148e8a490d2ee979578e26,Antonio De Leon,Valenzuela
c748cb832310f3dbcf87a972de8817f5,Carlos Ang,San Juan
a89b2fb5990b7e3db009b2d1fcd8d675,Daniel Gonzales,Mandaluyong
34728ca4e8e27d52b5a8c88f9b0153ea,Fe Hernandez,Pasig
d828784d1f03cc09861d9bb8a30e16e7,Josephine Ang,Quezon City
654170f6670db456c25c90021558ac8a,Pedro Fernandez,Caloocan
dd4778ae30bd3465280477666fdc235b,James Villanueva,Valenzuela
d6ed6615a91518c7906122973bd49030,Nena Domingo,Cebu City
93b08504f6cb093f21ccdd40de702020,Patricia Del Rosario,Makati
8851cd11e76fa472cd92c836a4ee642f,Marco Navarro,Muntinlupa
7741e1745dad74fb6777201bb1fa4d3a,Daniel Tan,Valenzuela
fb79b07c9b42f0d109f0c5e215f1d274,Gloria Yu,Makati
4736d234cd1a4c06150512d8bd9df878,Corazon Chua,Navotas
e2a5cf016535ce9a7a3df721284f2649,Mark Salvador,Iloilo City
97abf3d439bc195a33b831aa37c099ef,Carmen Santiago,Cagayan de Oro
f4ee18ac8d6588b962cf7b7290526e74,Ramon Ang,Quezon City
f39206e7be611e1527ad2859a2ff7a7e,Bianca Mercado,Davao City
d15cd013defce822f7c8bbd4854326ba,Miguel Ang,Davao City
45ac5d9b90e2e2cb82ca4da8f9c83a19,Rosa Tiu,Navotas
04d279398861f2a0aaa3527855107c64,James Fernandez,Las Piñas
7bb71218be7e38fbf612204591795bf7,Ana Reyes,Makati
d4296716d8311d50aa0cabd42736c57f,Kenneth Mercado,Antipolo
3eec8667006e35d531980a163f7d3099,Luz Garcia,Cebu City
03e0f959ca35550f4496f8bcfb705e4b,Marco Castillo,Malabon
8aeff3b5628950275633e4a78830755c,Cristina Fernandez,Parañaque
9bf426074dc61d60ad320d0cb9c1d679,Pedro Yu,Bacoor
7c5e9e0d12895c35104406c8f7fe6161,Lourdes Co,Bacoor
a0631bc2f464e0dc9d7d36120a1d29df,Sofia Reyes,Bacoor
95e532b0cd69bfe312fbec0db05cd7ee,Carmen Santos,Antipolo
351b7728b48cff7a4ed1161758e785dd,Isabel Bautista,Pasay
29346e493c4c07ac01fe2ed8e7153d6b,Carlos Villanueva,Muntinlupa
1e7192cea036e14014a68cd06a6ab8d5,Bianca De Leon,San Juan
f01e50355c02c88cb7afa88ddffeeae1,Rafael Chua,San Juan
45d2b7829913c36dc3b956ade9385ebe,Marco Ramos,Las Piñas
50c31d153b6ccb465b65d70a3d9c7065,Kenneth Tan,Navotas
cbeb324a5bf2378862570313cfa63e3a,Rafael Fernandez,Parañaque
815e2b323a8f2743e74bd3e5a44f38ab,Ana Cruz,Las Piñas
98d4bdbe91a440d42fa29f0666238594,Luis Chua,Navotas
d3c65cfbbfeefd9753a5a06b9c1b6837,Bianca Chua,Bacoor
b6f2a9bf66b24063f8c5d7e302291115,Elena Garcia,Quezon City
b3d172bb544128377945ee57b21333f8,Rafael Reyes,Bacoor
825d9758a980e0d65b3a8ff1e7f6f7eb,Angelica Martinez,Bacolod
1bf5634b01c7b3908a90b3ba9236c94d,Kevin Del Rosario,Cebu City
7c4ca575a19bad3919aec28e31694288,Ana Rivera,Taguig
51b0c938af88a1bc8647fa40e7dcd45b,Elena Mendoza,Iloilo City
301e5d301fa0bf2ceb75d4b1d3acc631,Carlos Santiago,Taguig
a90958e2793a37574de5465f857ae426,Pedro Sy,Caloocan
b76f1e622891ac91f171700726979e54,Nena Lopez,Cagayan de Oro
9b78e6f727ce6b1ef5b6af624a758932,Nena Mendoza,Makati
8012cee24f64410f3059f4e4cb113924,Ana Hernandez,Pasig
31164988dbece4ddfd899761c71e6f4c,Josephine Dizon,Antipolo
ede4b40f58754d0799e20c400b0ee84c,Mark Cruz,Pasig
875a4a3b79200a0dc7a75c8912f06ba4,Marco Sy,Malabon
d264ea52c1820409f9143c790e9ea044,Bianca Gonzales,Makati
1d4352611e3bb66e7b6c4d8c8962a5e8,Corazon De Leon,Pasig
1000d2bfc827657382f20e0804a9ff5a,Ramon Co,Manila
eedef4ebd60aba24f4d7402ec3e9211a,John Flores,Parañaque
dbfd6f443840f39c09b5144de205765e,Bianca Reyes,San Juan
7b14aae6dc8d0bde96cf6d1b4e3f2bc6,Roberto Ramos,Zamboanga City
e6ad73e6e18c087f6bcef470e3ed7e66,Daniel Cruz,Bacoor
21e58ef6da3c4d37fb4ee9b3ef21db27,Bianca Lopez,Valenzuela
68c3ab4453117f9f4a9f6eb62835573b,Bianca Flores,Las Piñas
125598f37b41e1077cb041785a0371f0,Paolo Pascual,Quezon City
ba2dbad3ab26f2aa3197fbc628463413,Josephine Tiu,Antipolo
d94c2f324a4044835c1738ae7b4a9cf0,Carmen Aguilar,Las Piñas
bb8a420a8d2abe8ab6943509ed353fde,Paolo Castillo,Zamboanga City
b9899adab9a6ce652df7788a04002887,Lourdes Ramos,Las Piñas
4c347bcb375fcda3661da79b27b75f15,Paolo Flores,Zamboanga City
5e787ad2088b28675b18f833902eb7c7,Sofia Mercado,San Juan
35f5028dc519a014d855d4c8137883c6,Jasmine Chua,Makati
e8120d9f71e66fe7edd04e60b1bfd5a3,Isabel Salvador,Cagayan de Oro
e447034b5c5e828eb918eacb9245e6d6,Rhea Tiu,Antipolo
d5af16294138601aa2c5dbe1d295d43d,Sofia Mercado,Caloocan
f88a4b55c99b3e8f5312e4971399102d,Carmen Sy,Iloilo City
7ec8bb0d932075a6b4ef242b0d3ab9ed,Nicole Soriano,Navotas
38e24af3bbe362600343bbae7000d68d,Rhea Domingo,Cagayan de Oro
84cdcabbc8ca36ed72c2417f18989cb2,Bianca Chua,Taguig
9157c29f4c0528e07f80dbee0159b11e,Pedro Ong,Parañaque
50160e5ff0f960c942624d8a5407eb77,Maria Garcia,Cebu City
42730e5c9b42a754498185322857ba1f,Corazon Santos,Malabon
0b6da8be4437cdec0692def158b72780,Jose Villanueva,Antipolo
ccbe118a8637c35fd119010106ae4baa,Ana Ong,Iloilo City
a56b949e355593d4ee6340fe648fe0ed,Rosa Aguilar,Davao City
81e5903b7e8197aee691ab2a0e2a0a1e,Josephine Soriano,Caloocan
2dbf9294adac26dc36457eb41b320054,Nena Cruz,Davao City
516cedd22c9eac15225b4b1da613ea91,Nena Sy,Makati
f8c50096d5d6e335fc3a41b6e1ddff3b,Bianca Mercado,Quezon City
66c75a9a48615a1ca0f83887175abbab,Rosa Bautista,Pasig
9567557e7b8663d72702f102b13f9a48,Rosa Villanueva,Las Piñas
a3e6eef92cf88b49bf2d144c00e96561,Miguel Castillo,Bacoor
99dbdae45f1866696dd6c4043d8dcdf2,Kimberly Lim,Bacolod
06fd7440ad8514dded88f46fc4c04eab,Patricia Gonzales,Navotas
148b11168eb0f2e945869daa627cd0b3,Czarina Soriano,Las Piñas
6373edd5e0b42b1b7a126bcc8b5eb9e3,John Hernandez,San Juan
c8e062ffd7f5ba717ecce89b50039dfe,Mark Castillo,Cebu City
7d32f0ca8c9251df16c1208712d51b9b,Luz Garcia,San Juan
ac1fce4fdd415d8ab42320f5563aa55f,Czarina Chua,Zamboanga City
15ca1ceb18dcd3e0eb7dbc2bf6e7817c,Roberto Bautista,Las Piñas
bcc232189680c47a622c295986c2406a,Luis Ramos,Zamboanga City
495e44d30d4959e4ce55c9daa50580b5,Jasmine Navarro,Muntinlupa
9320a42fa8c63195d6292a70eb959d1b,Ana Gonzales,Caloocan
ffc99e74a7df59188e228441ea012b11,Josephine Aquino,Pasay
27ac68fa5d5d772eae7be7a21bbe5cd4,Carmen Torres,Malabon
cff8cfe4a220fbde295612d5c3e199ed,Gabriel Mendoza,Valenzuela
373c352fa8830b70a14c380a9dfe2073,Maria Soriano,San Juan
f0a286e125ca7f767e2810f26c9de4cb,Francisco Gonzales,Makati
2be1b1e6f912bd28231d8af4eb16c525,Teresa Castillo,Bacoor
a21ba2d7ec6177a8238c4e2a34f00964,Angelica Ong,Quezon City
f35e26b56f411bf1c0e31405f5ea9f9a,Antonio Gonzales,Parañaque
362574d67a4c113cd5f1b53d90a31084,Fe Castillo,Bacolod
bf1dee51fa42073fba0f15b183145984,Josephine Mercado,Mandaluyong
2502c73d60ae5a37f4a174f19e93ec20,Kimberly Flores,Bacoor
a92e8b2e6ae3ae5c19d478956e011396,Carmen Dela Cruz,Caloocan
282e03e7e741483a4995abef620c05f4,Paolo Ong,Manila
5b5a7c9f5c865c69d4c9bea8510c1308,Gloria Bautista,Makati
1033cf6737702da7b3f034ec79e99b9d,Jasmine Sy,Antipolo
7fd3f78edfd6f7839d0d6e1235a327d6,Josephine Navarro,Cagayan de Oro
c27c9c7331e7fe0b863ca40d62fb937a,Marco Ong,Navotas
b1259b4032e6d957fabb17f1f33d38c0,Patricia Mendoza,Navotas
7f670c048fc38ec0fee08de31c5e6963,Angelica Ramos,Manila
4e9cfab475a8114e1ca5c60aea593c84,Teresa Ang,Cagayan de Oro
c11cfa5bca665aa48bb1fa16441cf419,Trisha Fernandez,Caloocan
d3d0b5924881e2b4b863461f53c3fc77,Eduardo Chua,Navotas
e49546aacbd21e8b689e3f5c0fa25a82,Nena Navarro,Quezon City
92e3b840a5c2433f56217ce641a1beb6,Patricia Rivera,Pasig
1142910815ca3d159cda85b3ac75024a,Manuel Ong,Valenzuela
fe20dc3efd279d8f306d1ee3767d15b7,Andres Santiago,Pasay
30e16573b24991b29eb6db79dd0d893e,Antonio Lim,Iloilo City
707fc7ad2d70766f2117f8213eafd29c,Antonio Tan,San Juan
422702ed881f01865aef33e8b9e4daa4,Trisha Domingo,Caloocan
7ac02a3e0242f7d19663ec7e65e89fbb,Kimberly Dizon,Pasig
65ce59e0da15f7dd97e72f293643415f,Nena Lopez,Navotas
f50dd7e78acfafb7f46cf24b77cb9333,Josephine Pascual,Parañaque
c208c317d4eabc23a9f7024422dfb24e,Corazon De Leon,Iloilo City
bab5c3e0335e440ed15570f2ad297d64,Gabriel Garcia,Valenzuela
d8485c4824de54de48399df7b23c2a7d,Isabel Santos,Makati
3a8b8c8aec9313f1b886b7ecd9c532c8,Josephine Bautista,Valenzuela
1950e1d164a809db5609957c2b9d9e2f,Luz Dela Cruz,Marikina
96ed246987ce35b7a4644b9ddb2524d8,Cristina Dizon,Parañaque
c48f4c9560c28f29921e9e63ac150f01,Angelica Reyes,Mandaluyong
3efb13290ee5663fc806445602a58e6c,Nena Tan,Mandaluyong
2874d80d1c3622947a683edeb7ec3a9d,Eduardo Reyes,Cagayan de Oro
a1f5df70ce5b4ae0a67c71237f782ae8,Kimberly De Leon,Cebu City
2aed8baade1703b4f6a8b0add1828743,Trisha Santiago,Pasig
dcdc87b2b40b8c9c0a8d5f5235064a55,Jose Reyes,Mandaluyong
2e1cf99f62ac7e24f040001f0325235f,Luis Salvador,Parañaque
a861e0bcc01b217810e3ccc774e99ba7,Manuel Tiu,Zamboanga City
24a1e1b790c4abd0c9cc6a8c2c932a70,Jose Garcia,Valenzuela
0ae14360be2a946026267019feeb7844,Cristina Garcia,Las Piñas
da36b46c79957109c017d7e28cb3caa5,Daniel Navarro,Cagayan de Oro
c5665407e9c61c5e1f7f1167aba140c9,Luis Ong,Muntinlupa
8ffb0116ea70a175ca418d0c1ca93081,Francisco Aquino,Malabon
e869b54a24cf31c7a712943ab34702ca,James Torres,Quezon City
55c95450ac557be009c488cb64a36d40,Patricia Fernandez,San Juan
f3a372bd2c5b28f39e239b4571eac24c,Pedro Flores,Makati
c5197e9353e80c315d2189e9b65047aa,Lourdes Flores,Mandaluyong
b12c428004b19c5f41f5e2b3f4bd2bf0,Josephine Castillo,Caloocan
a8c5d080583f588c9aacfd708f9d130c,Roberto Del Rosario,Mandaluyong
6fe8a5e4b740e3c20544b77c045acc39,Bianca Ong,Cebu City
6596fe8222b75c2320d444c358c753aa,Pedro Del Rosario,Muntinlupa
939f2bb9342cd71ad983e20063a83ee1,Kevin De Leon,Pasay
146145bdc955cdd7085044898b84dafe,Lourdes Santiago,Manila
b60b98a8618c9236efcf866402049c3b,Daniel Rivera,Cagayan de Oro
5336e8ef96f27f2323bd17d432788cdd,Marco Martinez,Malabon
0a59c280cda5802f561fcaed1482331b,Cristina Lim,San Juan
7474aa2e0e1de062b2e6fea7cbb95f32,Angelica Sy,Parañaque
9151d36504dbc440e6cb0dca8ed0e86a,Ramon Yu,Quezon City
61e3e6867833c032ecfa39fdef173347,John Reyes,Taguig
7fa33d23bb77fef03ef53612cb2c4163,Francisco Soriano,Pasay
455790d78e313bb21c8a1f3742f8b1b4,Teresa Go,Marikina
804c108ac29f55eef00b07c698b3c2cd,Eduardo Soriano,Bacoor
a77f6c2a78829c06eed7b6bc501c90b7,Mark Tiu,Valenzuela
117d7ef72ada53c75899b404052a575e,Carlos Yu,Iloilo City
caba10709983e78273c90e16c4de4d44,Nena Gonzales,San Juan
2ebd2454717506835718ac0bf700276a,Gloria Cruz,Quezon City
49c7b13b43c92c8b1c23c7250a82a6e9,Andres Navarro,Taguig
fc5d95af7d88d8d76b3181d855cd625d,Eduardo Chua,Caloocan
929316a81c58074f5d2e06c649cb5e00,Luz Lopez,Malabon
54a218b96bb8cd11e7b7a240dd41878f,Paolo Ang,Davao City
6f536c4d7cc37c7049d90c8d73ba2a5a,Carmen Salvador,Las Piñas
cb851efb7372d42ccf2df9001aa85673,Gabriel De Leon,San Juan
6ec75c4cce44b4863c7ddf88314f86c6,Kimberly Mercado,Zamboanga City
452f89dad379fb91386201b2eb74bf21,Miguel Mendoza,Valenzuela
6e441007861b1c913c2fd89f91c23e14,Marco Tan,Cebu City
879e7ee9438ddc6086ff2ad6b9962ad4,Manuel Chua,Manila
d4a4d654061905c923b5c6dceaf86d2d,Elena Sy,Iloilo City
95692d8c86b25835da0214805c51388e,Roberto Soriano,Bacoor
0c99a21c4a9bacbcf8ef8fc55fb6803a,Marco Go,Antipolo
549190edc46a1e92225deafbe03ecb2f,Corazon Ang,Zamboanga City
6776984633c4a36cf820a881fa236662,Trisha Soriano,Pasig
2d9be06a6a770c2937daf9769b8010f7,Adrian Yu,Las Piñas
fbac59a2d44a712611ee66f2b41fde26,Marco Lim,Malabon
fd99fc68c3eaf4165fd0780af9bfc24a,Andres Ong,Manila
563b7bad1368bdf79bd5ae586459846b,Teresa Castillo,Malabon
907e2c7568353590a89c33807ecf4b7b,Antonio Dela Cruz,Parañaque
6f90c6385e2f28a8573702a41bf4a34e,Andres Chua,Makati
dd6c83943a8c0e9f9da949fdaf766b1d,Teresa Aquino,Antipolo
12c877aa42214a1a10d612c9c9288e0a,Kenneth Tan,Cebu City
4e31b636921d7109a108f06834a8865d,Elena Flores,San Juan
276f85b93e1fb81888cf3f659d8959d3,Jasmine Lopez,Cebu City
d8abe725a968c68b6e7a91091e7a8857,Roberto Ong,Iloilo City
9adbe68ceb60660597e98a926cfd5069,Adrian Torres,Davao City
b21a08c3c1969210d413b0eabc8a3ec8,Manuel Lim,Valenzuela
6fb3777d38efe9f19f143c4b848f597b,Bianca Martinez,Zamboanga City
a57d6e937ecc3e3bcd559354bd8ad064,Kenneth Soriano,Las Piñas
620c61f1ef095154280240fd6a99e7b1,Paolo Dizon,Pasay
4e7085cb7191f091cf5997c3cc0cfc65,Rafael Cruz,Zamboanga City
790d4b1a4984fc864abd5563b6097a1e,Adrian Yu,Caloocan
b3ffceff8b0854803a3a992cc74e7267,Sofia Mercado,Parañaque
891845eaa9541b49866fda804bd21e9c,Antonio Aguilar,Valenzuela
644a27fa768fe8629547460d8111e7fc,Roberto Aguilar,Valenzuela
fafc7d1f8932b7bb3bac3c43d4104bda,Francisco Dela Cruz,Antipolo
8e48cd9ff5fb1a4a54f556e6674f3c6a,Gloria Mendoza,San Juan
bcd991dc81af83ab006f928caa8ed4c4,Ricardo Garcia,Malabon
5599e4334c63be3f649576c9a4d0b9c1,Rafael Lim,Davao City
dce12ecbbf5ec86214d561cf100e81cf,Czarina Mendoza,Muntinlupa
fc7badb2341a2db39874227cc16353f4,Carlos Tan,Taguig
86b0a9d0f06bc68a3e452b3c129be034,Daniel Sy,Bacoor
56dd7d79f8c8cb931b1d1741b7340c1a,Jose Mercado,Pasay
d8015b56e1294568340d2c0b0e6b9a1d,Czarina Ong,Bacolod
e669f437c6413f0235fcd190afaada5f,Kevin Soriano,Davao City
c3649bbee610572be9b698d8d312f47f,Kevin Santos,Makati
584651e23c95289b4e99b9e81923ca16,Rafael Dizon,Caloocan
8bbcc2d125b03246305651c0f1038dde,Marco Navarro,Parañaque
12e4d2d7ed477af7168077baabcd419a,Roberto Salvador,Mandaluyong
97e5e6d91d67fdc16bb08c75c596239f,Manuel Ramos,Pasay
ca4e7b45c28d42aebb6cacdaf51d0f38,Rosa Bautista,Caloocan
8e25f6b20053f4294299795b602458c5,Isabel Rivera,Manila
ab788eae0e1a127fd4ab55c1e463fcd5,Marco Dela Cruz,Las Piñas
8e7e09197208190c48c8214420725e94,Nicole Tiu,Bacolod
1938286a09ac25792690a622c453158c,Manuel Hernandez,Las Piñas
bb2094173a74c0c02e9a260e8f095146,Isabel Hernandez,Navotas
97520e0f9998b2686e8bb729c4294739,Gabriel Gonzales,Navotas
23db8618bc6603b68b9e084900a7ca28,Maria Yu,Cagayan de Oro
9d6c2f9eb8a28e95542f8d3cf638c58f,Maria Aguilar,Valenzuela
fdde28924dbb642441cd31652b8413f3,Isabel Ramos,Davao City
6066b423553b307d18ddf020ad864388,Carlos Aquino,San Juan
8c1b8afaf90a041e25d41c2e1701d118,Mark Martinez,Malabon
f37600793170510384f0e4764615bc27,Mark Ang,Valenzuela
f32275afac3ef176a36c8ff5a9845ee0,Nicole Dizon,Marikina
c9e45910319a878a9a84fb771a095b1f,Carmen Lim,Mandaluyong
91f13bb1451c2e16f5281c74bd3ca00e,Andres Reyes,Malabon
3dbd8e0853f2a44d0aefe810fde71541,Adrian Bautista,Malabon
69754b61c09d06caeb9db55b901b3aac,Ana Reyes,Muntinlupa
3c07e4aab8c6fedad3c58f0110494ae6,Isabel De Leon,San Juan
3061212477a4c0f32f9508aaf73db7c1,Gabriel Garcia,Mandaluyong
5af39486b10322805f8086d0100542b0,Ricardo Dela Cruz,Taguig
0707f80e91dc413040dfd073f3b60c7b,Carlos Aquino,Zamboanga City
951717a148d46f0c7426cf64295a19ef,Luis Martinez,Antipolo
6bdae09d7438d45bfed81d885bc1a99e,Roberto De Leon,Navotas
062e98bf5526cb3f0b8ed8109d9a0636,Gabriel Hernandez,Muntinlupa
83a00db0e27e04c53abffcf09807b73a,Rosa Mendoza,Antipolo
fa668bb95151c89f999f3e7704741077,James De Leon,Parañaque
cabc5b4a62d29aab4abf59f9633d55e6,Jose Yu,Quezon City
0921beb41da25927a4359167d9ea63ef,Bianca Chua,Mandaluyong
2664dc9003191c28dacb74dd96f1c985,Ana Dizon,Bacolod
14597448252c1328dbd82fb1890de6df,Rosa Salvador,Valenzuela
a9ce52fca54dce2bff42d5f018258655,Gabriel Lopez,Zamboanga City
4caeb306c8a8444e0b9afaef2310c809,Elena Santos,Muntinlupa
cae5d58e2cfe4ad7f7aa67b9d7d01af1,Trisha Hernandez,Muntinlupa
7aca8ee34798e9cb8ace1092e4c4f9d7,Fe Hernandez,Cagayan de Oro
0e86d3dd6b8a19fc7c1b4b5fa268030a,Luz Cruz,Iloilo City
d2c4b0255631fb4e9d881f6f4cd64b2e,Rhea Cruz,Davao City
a7241f5f78c3bb8115bbb01bfc7248d3,Sofia Sy,Valenzuela
cba3593b6599b477678a9e412422586a,Pedro Aguilar,Quezon City
97bab9d9bdeba5afb1c358a1fa751bed,Daniel Gonzales,Davao City
47f99eca3e98e9088a936fb1af8b3a30,Roberto Dizon,Pasay
6060ca97eb538a2fe6dc6a069ceb9541,Kevin Pascual,Navotas
2ca4d6bf6b47a2e6128beae9ecc4f3da,Bianca Aquino,Mandaluyong
b1f3642ae760d5f7aa596b0ca585e1d3,Ramon Lim,Cebu City
617b19325751a12083dd304062f9dab7,Carmen De Leon,San Juan
49e1ada2153dfb346eba7612f2ae9957,Josephine Pascual,Cebu City
a7aecd378cca7b523cee1467186322d5,Teresa Domingo,Pasay
d22530cf5c191af2fa37c97c17ad9402,Kimberly Tan,San Juan
ba0405b4bbde0ca13a479449c24ad41a,Antonio Domingo,Manila
4fa40532616cd4a8b521817b5230fb4c,Marco Co,Bacolod
0d89dd5f01b2d70a23a4ac0710e224ff,Manuel Ang,Davao City
4e2bf3b441bd29f2528e887cb745cc4e,Adrian Tan,Parañaque
f268d1d41950956a31632bde4157feaa,Rhea Co,Iloilo City
9a589892bd7af827b57f1dc6f14bdf63,Gabriel Torres,Davao City
82f7b53f88f1492fa6dd0d84f5accbb9,Roberto Del Rosario,Makati
25463f9a78c85c46f105aece70763ab8,Mark Domingo,Valenzuela
6d0fe341ef5c9dcaa32195d021b1a5f4,Sofia Mendoza,Caloocan
0a7b293e2c5c55529c576571c6b73c85,Rafael Garcia,Mandaluyong
456fb2f01e6f67fdf4b64e237c852f70,Isabel Villanueva,Bacoor
3d3107f5a0dee264e3407f79c262e2a8,Angelica Villanueva,Zamboanga City
8be712b5fcdcc8c1a5b0f73296279c82,Maria Santos,Muntinlupa
0294c811fdd3e1ba9ce683a101999407,Rosa Fernandez,Iloilo City
b0499c69078c9328a302fb40a6bc9760,Angelica Fernandez,Makati
6985949ffc7e8562d1e18ca6e38b8793,Jose Yu,Mandaluyong
62f382fff744a99ae9a0faf29b4dac61,Nicole Mendoza,Cagayan de Oro
47d88e6d0970522233e27583b76db5a6,Mark Co,Malabon
6bbd1bf6d11d78ee64afb6faa8e7415c,Daniel Torres,Muntinlupa
c2c753d02df7b4ff31e7607cc67e4f65,Nena Aguilar,Mandaluyong
ef0aec27df52545132ca51e46a206d20,Marco Gonzales,Iloilo City
bca6ff08d6670d0351a668b9123d3eb3,Roberto Salvador,Zamboanga City
152b4c5393b45065f30922c60b6797c1,Angelica Dela Cruz,Valenzuela
22535fc02624c93cd9847cc1a312ebe6,Mark Soriano,Malabon
fb823dfcd570af0d6bf9ffe6492f3567,Paolo Navarro,Quezon City
359464b99584bb8f97dcdc35793fa0d1,Isabel Pascual,Bacoor
c84d07766fc95365f0071e1614b9cc70,Bianca Mendoza,Makati
a89b04374470da2f043818cb9242d986,Jasmine Flores,Antipolo
cfd4c0ea4dc5ca55c789c72ebd406e3b,Czarina Hernandez,Iloilo City
ebd3d3cf93e1d3b6a22f4862b52786d7,Rosa Lopez,Cagayan de Oro
80682e69d724660c56b0e0b70c564eab,Miguel Co,Las Piñas
e001f0df1dee1a4ad25abeb76fbf26c6,Nena Fernandez,Antipolo
f77da6b1e500ebed3bcd21bd66571613,Roberto Yu,Bacolod
12c4b9e7743057f6d64b04e4f82af522,Isabel Garcia,Makati
527d092d1cee4fa37dac3c6487fa1a8e,Pedro Co,Parañaque
d82f58ede713eaaff468dbdece230cf7,Nena Chua,Cebu City
c2adf29f90b5f0aeba8b17d31393ba3d,Andres Rivera,Iloilo City
6e4d334da8ab92fdfff10800a70bd20e,Mark Santiago,Zamboanga City
be856d2c397d6c0a89e47b374e4f207f,Kimberly Navarro,Cebu City
e8f3949ae73b542afd037ef71e8d3f62,Pedro Tiu,San Juan
792212f9143084d71434066e76c7fdef,Isabel Flores,Pasig
f72b160e83b4b926dfb55eac5a318eb7,Francisco Aquino,Zamboanga City
cd010af00cb5a37bc1f2246b61b5c7d9,Jasmine Hernandez,Las Piñas
c980ddb748163e20e6b1294e9ab8ca7f,Ricardo Chua,Manila
d5917c6e836b00d1832f2192980fcc27,Nicole Tiu,Quezon City
9823a6cb77e96101e7fd466ff65d85a4,Luis Yu,Mandaluyong
2a7bd86821f8c6d20b4a735505710082,Kenneth Pascual,Quezon City
3ab619cbd179c24103121d31d75c81a5,Gloria Fernandez,Las Piñas
a12342e249d84640f86d34b62152e8c1,Ramon Dizon,Marikina
95564e3efb9351ed95a21735660c85d9,Ramon Rivera,Marikina
d1440cdb6319f94d6f8aa926f480a248,Carmen Lopez,Parañaque
f87a2dfabc1822229d744107009a1164,Marco Domingo,Davao City
1a70fa0dffb4799fb0b1eceb5962c95b,Luz Lopez,Antipolo
5ce3713e25dfcfe1bf2190ae3a06a39c,Daniel Dela Cruz,Pasay
c483f607abd54f1f5900b3e9e157ecb1,Marco Domingo,Parañaque
42e4f747709c952ff49dd4985f4b144d,Juan Bautista,Navotas
6cb19154add75d6fab6b246325c3cc31,Nena Fernandez,Cagayan de Oro
2f4d8e2a8a498020e8d7398cf75f7478,Antonio Navarro,Pasig
d4d79a2df2e653aa6dd61fac39498c98,Gloria Chua,Pasig
e87143fd8898361231090a2804d80684,Adrian Torres,Pasig
4dd60cf67bc48a3cbc4488f3cdd7489f,Luz Garcia,Makati
b29b1010c5bc0748858e00bcd4fb1a49,Rosa Bautista,Bacoor
e07dd8baa1f0316bc058351dbd8a7ea9,Kenneth Ramos,Muntinlupa
5021e543adcfae532dc8fce014e2d79a,Jose Yu,Bacoor
d7ad9f770d37e4713b01e84d2580cab2,Adrian Lim,Cagayan de Oro
0b7dc46a2f74af925866ffab622abb67,Miguel Mercado,Antipolo
d3ca8cda6681764e6a34ca812793f1ff,Kevin Fernandez,Valenzuela
9fe0c5c8f36516f7c17d0def4435b2a0,Carlos Ramos,Navotas
ed13599766365aa69d5e81a6eaa4b54a,Trisha Reyes,Davao City
25f0b98fc5eaf251510b885ae0fe0488,Ramon Garcia,Antipolo
2ddd79569729a6a66d2406b1c04e0403,Josephine Torres,San Juan
50d6d89602ffe676fc00ac270695dea8,Josephine Ramos,Iloilo City
24c3e9b66a93752d52f706316c6b3daa,Rafael Aquino,Caloocan
3648860e7d336b98b530aa88c7704522,Marco Bautista,San Juan
6e2520b59273c1eed3765ac9c29cf10d,Cristina Reyes,Caloocan
f812dc572c6676e1fee1fba54d351133,Gloria Dizon,Cagayan de Oro
9d4eed0e04eef4a2c01bfdf242da1ae3,Antonio Navarro,Manila
89f3edfe5fe518dfffb3e789eec3c6f6,Juan Lopez,San Juan
9067b2e339ad80c73b4e2b4fee53adbb,Daniel Mendoza,Las Piñas
dcbcfe8a4fe2e16706cdeb33813273e9,Angelica Pascual,Cagayan de Oro
31c81b5b9213ed9a7e69d01fa1d401be,Rafael Hernandez,Malabon
40648d0b52575e337e4dec186348afc8,Patricia Fernandez,Pasig
360ef5bac5630af87313029af06f8e1f,Nicole Gonzales,Makati
1e23b35532b96fd85e1435f0d89b6764,Cristina Go,San Juan
1121ef5ef444a7f76c0d6b7b4d9feec0,Angelica Martinez,Marikina
e2d9aac7ac55ae0047cfb549dec849c7,Miguel Chua,Navotas
44d93a9dd2e89720da4e59a7691ac46e,Josephine Ang,Las Piñas
ea3208ab1d2417b89f240bcb638cd811,Luis Rivera,Iloilo City
d100dd5a15568c551468cbf61bea6e7a,Elena Ramos,Parañaque
a7dedf3733479a1ae625738d71545408,Nena Pascual,Zamboanga City
ccafe9d83b50f5cbe40acda6d5cc76d2,Czarina Rivera,Caloocan
9eb15cc1a81fddd7260adb96c9e6aeee,Fe Martinez,San Juan
b47efc6613c2e9e37281884a4cd6bf76,Ramon Ramos,Las Piñas
6afaf5f4eef73b0eb935d1597a52686e,Mark Mercado,Taguig
4a6776f244f9d30b3db64e3db3e20fe6,Luis Aquino,Muntinlupa
0557072ccc39d0b1afc396552321764f,Rafael Aguilar,Valenzuela
9dd93168edbb4a0d553063eb35aef03b,Gloria Dizon,Cebu City
ba06cd35090f09f8f8329019f3fa6eee,Miguel Aquino,Antipolo
5e6c7d177f75a106a393e474f38b1a85,Nicole Mendoza,Muntinlupa
fa74f1ab16e26364ddb14b4d20b639dc,Nicole Gonzales,Navotas
5762d004c14085ef1834d4d6322bdfa0,Jasmine Del Rosario,Marikina
f0dfb600c89e8d8dbf09477c797f8627,Elena Dizon,Navotas
8ab2b5b7222c1fb48a2f0043b5bbd869,Elena Ramos,Las Piñas
325b7bf551ef07530a34a5e3155d34f1,Juan Rivera,Zamboanga City
4762826265bbc9b753c15c0de8fc386f,Sofia Aquino,Las Piñas
5339df91b8ce1f393df122e6414901cc,Adrian Santos,Manila
880cee5fab9ab6a6ba1099672494f773,Josephine Navarro,Cagayan de Oro
c2f90be616c95efad519f643822dad40,Lourdes De Leon,Muntinlupa
d463f5911b30e0b8bf1d282f321dc9cb,Rhea Dela Cruz,Caloocan
afbe8fb0f2f4decd5d7c4825292480a7,Pedro Gonzales,Manila
26b8a0e8eb7756c10abaaeaca52de2f1,Rhea Castillo,Navotas
def59e8ae0d2aa8e649eb72d2a43f099,Bianca Hernandez,Cagayan de Oro
522fc8c0285a0d76509b63ffa6aa14a3,Adrian Soriano,Bacolod
8123cbe24639715fa367209fad1d7932,Nena Lopez,Quezon City
6dd14f35030bf54a42132b21f9371d9a,Roberto Co,Bacoor
f0f22231167d3691e8004a588ed17586,Maria Martinez,Bacolod
f0fa232dff827ccd945cf39c7e029689,Rosa Salvador,Valenzuela
929f2896e7d25b0eda403c3e3e0bfc41,Corazon Castillo,Las Piñas
4bdb2b512a60f39deff44dac81750bb4,Marco Soriano,Antipolo
798ab5f7b97b31f6afe73ae52514f8f9,Angelica Santiago,Bacoor
d87870b8f57f99b1d708859c8289dcdb,Antonio Hernandez,Marikina
0158381ead456cb4fb1c5a0086502a80,Francisco Lim,Antipolo
d26f93bab699f34dc87f6428bb99dd90,Nicole Tiu,Iloilo City
445eb86173ae097154c9758228172db3,Ramon Co,Taguig
9842e9a7114c1b618e7068d8ef63df7b,Bianca Santos,Bacoor
d1a2bf0e10bc84be89c996027e791044,Isabel Ong,Caloocan
fd0cd4b1a8a8edd49f9801100c1c9636,Josephine Lopez,Cagayan de Oro
bb58b6c27a92424109d5f35f2dfd4324,Ramon Navarro,Bacolod
248df7ba56ed79456637ea08df735a25,Kimberly Ang,Cagayan de Oro
283012403698b2fc8c929cd4a0a6f35d,Francisco Castillo,Cagayan de Oro
28b0a9f19c87b6901eece35d4b58f3d4,Miguel Garcia,Davao City
96179b887cd2d64123495a65b9a7a006,Eduardo Ramos,Iloilo City
7a92432b81a86e6503e88b52aef8e3ae,Jose Pascual,Cebu City
370b954877c64c13a0f1583f447d4632,Paolo Ramos,Iloilo City
5731e10b486ec4d434c15b6456fe5b9c,Maria Navarro,Iloilo City
ca384416263b83513add64a203766c81,Carmen Del Rosario,Quezon City
9d20fff540c1bb96f3f572fce46ec517,Czarina Yu,Las Piñas
3937ea5853a047742c7617ea729e6b62,Ana Villanueva,San Juan
62b8fdd0587cd1f75b62027bb5342552,Marco Mercado,Quezon City
2ce6862bbbb2237fd34d5eb98a9d2441,Sofia Gonzales,Navotas
f33ef083b1aac3550978d005ae13cc31,Antonio Castillo,Marikina
b84125d74df432d18eec8563eba6bf1f,Marco Tiu,Bacolod
a4880001efa59556304897e9030a82a8,Daniel Del Rosario,Davao City
ed575a089010fec08a3319b878fd22a6,Roberto Torres,Makati
0a20bd755b935de9d540cbbf31d02676,Patricia Fernandez,Las Piñas
e8098213525c792b316a3067ee6868b1,Rhea Yu,Mandaluyong
c1d2e9f2f166e1319a6ea673658f5219,Trisha Yu,Bacolod
4c361fe120d4a8e8ed1136be2f7d57d2,Trisha Hernandez,Parañaque
b03a6efc632f8e1ba6587795d1e89ce0,Luz Chua,Pasig
cffe24eca5d2746d561f33d4416f18da,Rafael De Leon,Taguig
4bd248e921224d8659699363f467c9fe,Gabriel Soriano,Davao City
4f10e8f29d709f8869d4fffb426229d2,Francisco Rivera,Malabon
ec9944ce5b9cf81f692c56f7c39f7e67,Antonio Tiu,Marikina
41e5cd8622d23d4400eada2fbb893c86,Carmen Co,Pasay
6084ce08c3ba873ed2c1b78ad1994043,Antonio Tiu,Pasay
21270a7bee3a3974e7a6948532e27ecc,Carmen Rivera,Caloocan
2235faadbbf9b0bf7b76ddfed2e939fc,Trisha Chua,Pasig
8565c54618a878a12e3ecac64e920e70,Mark Garcia,Caloocan
1bd3ce1848c7b2472b91504f17ee31c9,Antonio Cruz,Valenzuela
b5f7b47e82f050363ad14e648978b85e,Kevin Aguilar,Las Piñas
eca1991ee789f40a48511f8e9d28755e,Adrian Ong,Bacolod
bf805af4999447096468e397f4ccff73,Trisha Cruz,Mandaluyong
e518fbae57533caa6dc6b03e61ad7581,Rafael Chua,Cebu City
bc9ab17e84068fd48d0d6f76fd885a3d,Rosa Dizon,San Juan
cf6a104ad66f102d3bcc85451ff1a33f,Corazon Bautista,Makati
9c1e920232a701de93207e0dc296e8a4,Eduardo Reyes,Davao City
a37cabb24996e19defa21dc806c2e546,Bianca Chua,Antipolo
05193bc091f71329b6f5389d7f69214e,Antonio Sy,Cagayan de Oro
419d504d069487578ba2b60dd46e2246,Gloria De Leon,Bacolod
5d5c3bd92c81ce2fbe3b6597f008703c,Francisco Rivera,Cagayan de Oro
a1933e8445874f4a4e6f647543b4632e,Francisco Tan,Muntinlupa
b0beab49f8479b92438e67351c7edc36,Isabel Go,Malabon
8ddce0dadbbab9f1422afdcf7ae96c65,Gloria Bautista,Marikina
a887e455061a52f40aff4e0270616a4d,Sofia De Leon,Makati
e4fbb45ed9af80a4bec472cab9c75845,John Co,Muntinlupa
5b4790811d53990e3fd3a5fa9015b9b0,Nena Aquino,Manila
3c52b5e8b85bbc5412bd1982fe362d95,Fe Domingo,Caloocan
0725212f92e037c190b464a9d7b36bb2,Angelica Cruz,Malabon
5d5c50c62eb008328e5d67da676b44ed,Lourdes De Leon,Cebu City
95f75a57037892d96edd7e06dfc0956b,Miguel Del Rosario,San Juan
55c947e88858cb533915f23459ab511e,Nicole Salvador,Marikina
8a847483315e56b7245e33bdf201c5d5,James Garcia,Cagayan de Oro
ddd8ba3157732ab78f9704fb66664564,Marco Tan,Bacolod
b7fe2d597965f10d9f0077b82be0f0c3,John Aguilar,Cagayan de Oro
4a71cf39c52c601d00709be9a77cd4cd,Czarina De Leon,Caloocan
9f652833a6c0373e72519f31d8114d78,Miguel Rivera,Navotas
d4bc7e0d8dfc8062fd84b1e16ebbf96e,Adrian Tan,Muntinlupa
f5a8212023554687d4bd29c3eb449b91,Sofia Aguilar,Iloilo City
f75f9196e2b0575f012cb58b6910abc8,Jasmine Salvador,Marikina
b1686f961ff55d331b4a06f01b5c159c,Angelica Flores,Cebu City
3d4a0583143783b292d3ade0a67eb4af,Gloria Tan,Cagayan de Oro
d5d91f9da16877369853a0abafe01a6e,Czarina Fernandez,Antipolo
0c0cf4c87906c827e93a2d769cb42cbd,Kimberly Castillo,Valenzuela
02ab375b6c4873a4aea96ec6a35cc826,Czarina Soriano,Manila
692d72ac49036ece02a13e694bda7c19,Luz Mercado,Bacoor
31c378abd4b5f5a0a4354edc66822f61,Francisco Aquino,Malabon
345c5bd0b343d2f932f13876f2dd2ed2,Corazon Cruz,Mandaluyong
8a8405827472e6e926d2b061573685a1,Josephine Aquino,Bacoor
5bd696ca715fd7066dc6d3512a72c18f,Manuel Hernandez,Antipolo
d8c2b91acc397f4397f7fe24cd67da1c,Marco Ang,Iloilo City
02ad92549be5c3cf9089dac06e62527f,Nicole Villanueva,Makati
6a03ebb98cd56ee563cd12343003b089,Elena Cruz,Iloilo City
7ad15cf13eb9b0deb1aece89161e7ef3,Sofia Aquino,San Juan
fdb5f317406e90f863f0f08ee4ae5510,Eduardo Ramos,Zamboanga City
ef9cb2deba13bceedd9c7bf9a251b640,Kevin Lopez,Las Piñas
f0cea281784fa603406905069296bfa8,Carlos Domingo,Iloilo City
21c9f6294a6406a804e02f8e94ac20c8,Manuel Reyes,Parañaque
bc19f303313977bcde14c3a8f0ad59b1,Gloria Dela Cruz,Cebu City
40b98ea917c41b24d58a067c93bd99a4,Gloria Ang,Davao City
c60712149e56e31d2997aa60c4a40dcb,Eduardo Aguilar,Quezon City
51c58f424f4dec9b631ccbbb5d217668,Andres Aguilar,Quezon City
1234fb3d6b9bb44ab1f1977707655aad,Teresa Lim,Las Piñas
254b5d640fd19669a5accf4cbe2cf9fa,Nena Sy,Valenzuela
9f6e840a8bdcc8b947df98c5803a8c67,Daniel Castillo,Cebu City
c2de7f9e65663118ec03725c9e26478f,John Del Rosario,Cebu City
5ec68a6875c9f288a2cb7a9ce41ffe18,Teresa Go,Antipolo
b6fb424d0bf1f428ec75a60bd121bfea,Gabriel Dizon,Malabon
506a5bcdee5ee5cc27bdce3ab66a2669,Rafael Dizon,Davao City
cb22b45d4b3d64fe0ee511bdde232936,Bianca Gonzales,Muntinlupa
104c373b6f897e4985317edacf1c5e87,Juan Santos,San Juan
ec9a8bbd41c87c6b55755948ea9e4033,Elena Gonzales,Marikina
b2ef99a326cf24ecc413bf0492da3e06,Ricardo Sy,Cagayan de Oro
2912a134b7fba94349473795816bba45,Czarina Co,Bacolod
7408c4994a4d4810346cc27c15167c7b,Jasmine Lopez,Zamboanga City
7c57808df3e395fa004ae049b1bed557,Jose Ramos,Malabon
964039a4db34577cf98375d69cb12421,Sofia Domingo,Parañaque
b6607ae5fc262ddf9f07a40a79d268b7,Czarina Chua,Navotas
a72aaee2d582f11aa46f040fdef2132f,Luis Soriano,Bacolod
b036c2440ce6034ae3b4119949e2b936,Andres Ramos,Bacolod
65cbd15e1dca50edc604050bea536d87,Jose Aguilar,Davao City
f92e3528251b22bcab056d8a31ecd2f8,Luis Tiu,Parañaque
4a13fe2a93c68aee6c56e066511a72ff,Juan Dizon,Iloilo City
b89f40ce47e0e8c5b234f31829186b14,Nicole Ang,Cebu City
368813d645aa25c0d987be08518722a5,Adrian Gonzales,Valenzuela
001022204ec5232f5515261dc8e9b503,Jose Del Rosario,Bacoor
e08b95bbda0f201268c559de5abb9989,Daniel Dela Cruz,Parañaque
dd75386eff58e994292a874bce8a2d63,Luz Aguilar,Caloocan
b775972c0a7de68fc11c10b87dfbe6b4,Andres Villanueva,Quezon City
702a6ae479cb23c8da56f8847501dce1,Roberto Ang,Zamboanga City
f6907b6cc5ff0cf842ea44f5735e4d6d,Teresa Garcia,Marikina
de3b03d19334250f4d3aee63680eda78,Corazon Hernandez,Taguig
b6643118644d8b8fc46524ffa79827b5,John Hernandez,San Juan
72362dc28fa8abf6c9b3e28335f4a46b,Gabriel Sy,San Juan
ccf4d6ea11765b42b4135205e5657ca1,Corazon Chua,Antipolo
ecdccf3f25ad746e11cb085b840e7b23,Kimberly Co,Marikina
394f253b4ea21d82dfa5855c57f4dc9f,Nicole Mercado,Cebu City
dc34d31e6e04daefb425b155d07c677d,Rosa Tiu,Cagayan de Oro
7a7917632afc4b54009f9d12fdc52fbb,Carmen Martinez,Marikina
1b9bcf386c2eae2a55cb19ff4ce6708c,Corazon Reyes,Malabon
1692f0c2c8d9e7607d5b8fe15ea645e3,Eduardo De Leon,Iloilo City
e0fe71f333cc481f973d45bdb69c0ae1,Isabel Fernandez,Marikina
f0600a35a688072c7c6e78c0805708e7,Juan Lopez,Quezon City
a2508e33448d361f5d36022210117083,Czarina Tiu,Muntinlupa
e37029c70d59c87792f80254573c53de,Francisco Cruz,Caloocan
1530a40cb3417c841d42390674c1fe96,Trisha Villanueva,Taguig
3e88b37691919447cbf699c8ce066cfd,Elena Go,Cebu City
794fc57ca248bd88530428c855789b2b,Czarina Mercado,San Juan
f02092f0cd3429e90f86f6967725a08d,Francisco Aguilar,Makati
45dab414bdffa47f41d539b62cb8e407,Nicole Domingo,Cagayan de Oro
866f69f64a30526973000361e68d5ab1,Paolo Chua,Taguig
773ce450b1d49268d77cc73f2071349e,Roberto Flores,Iloilo City
ca9caad71c6648b336d5d832442b8b66,Andres Mendoza,Iloilo City
8290987c457a8802f89a319d2d6bf081,Patricia Flores,Bacoor
424197530fbb872c052b852251da6a7b,Ricardo Mercado,Manila
8f9fb1255d3d93bcdf6452e6da8862c3,Juan Co,Quezon City
20f9070a4ee67cad640e556906bd6db7,Adrian Aguilar,Mandaluyong
f3adb98310aa55430e5945a1becf46f8,Pedro Pascual,Antipolo
55ac96c96fdf2d05987fc205b4f6cb82,Josephine Castillo,Davao City
12d2813b7ec9d9c09bc3ae4f1de9060a,Luz Mercado,Navotas
e06788c0aa6ba8887961162088a4d380,Adrian Salvador,Taguig
5bc13499d2eae19550d845c12d525ea0,Gabriel Bautista,Makati
386205ba31c24a96bfed3a8ee470bf3b,Maria Santiago,Malabon
c8ccf6460c2d00788189c604e5dd5fcf,Eduardo Castillo,Taguig
807995b44a47ef5179ccde621e6b7121,Ramon Martinez,Navotas
bc5d3e1f69f92ffbafda4b09fab8304e,Rhea Cruz,Taguig
3e0241cf0d3987663f891088413d977c,Teresa Sy,Antipolo
f75441eaf1224becf0ec70fbbf84d9a4,Isabel Yu,Mandaluyong
8f168bf539d1b877c770218fa7097bf6,Josephine Domingo,Davao City
345622bef98d7e29c71f3f7b1f4c0a53,Andres Aguilar,Bacoor
79becb08fa8989514148fe4540768ff2,Carmen Dela Cruz,Manila
2c79eab32f6eaa23a8ae5e7c1f0e4765,Kevin Ong,Caloocan
9915f336d421750e586d22c5eae68481,Gloria Soriano,Davao City
52c0bc98d469412ec612c2f20cd27988,John Yu,Davao City
1b712d8e8efd2e1d53a96ef436c04801,Trisha Rivera,Malabon
4e2cdbb5de521d11ae7da985815e6d31,Kevin Go,Caloocan
395ec839758ef00d9deedba3e8fc513a,Lourdes Ong,Pasig
65b3dd2e5d56eb4b21cd0e7a49098799,Cristina Bautista,Cebu City
ffc2376a899037701eab67f86f6a2b3c,John Santiago,Cagayan de Oro
9c26a77c89d3094bbf7f10bcd2676809,Bianca Del Rosario,Manila
678ab74e802dfb6ff52b3dc169c983ad,Ana Ramos,Davao City
798d5fcef54ffbc2e75db538f6b215e4,Ana Aguilar,Manila
c1c9d9fd07486637e2c58b2b94cdef0f,Luis Dela Cruz,Marikina
b9ba90ecff3a4345603f5e46bad875cd,James Castillo,Antipolo
38f2ff6d4836fd97ac8c802854b027d5,Francisco Ramos,Navotas
b3b794f9a7602dfb757c341142da2f10,Cristina Santiago,Mandaluyong
f35dfb6a8af2c51187d87595234a11bd,Cristina Yu,Manila
1a3d14bdf321415f64659bb8096cf1b0,Nena Martinez,Pasig
488d7484d42f5390a1dda76faa320364,Kimberly Del Rosario,Caloocan
aa9dcfcd375f18cce4505c18ef6ed69e,Trisha Reyes,Quezon City
a969c38b36406c3fb9ed70ef87b3e748,Roberto Aguilar,Davao City
0e01c59fe5e607623a5db21f76beec1e,Maria Lopez,Bacolod
81283e8e1a114ad4d7338703a5415c81,Mark Gonzales,Parañaque
d32ce65cbb577d592036c2f0cdd616b2,Pedro Lopez,Pasay
f712e07da3c652d5664193084c18b317,Paolo Yu,Cebu City
1894c95e93dd0a45f603a56abca00def,Lourdes Co,Bacolod
481f1e9f32c8c3fa76d3e363a2010810,Eduardo Flores,Makati
2e830e02495e40dc64564494a3e6e9dd,Pedro Garcia,Valenzuela
ca62d6720ec9fe1d17ce17d8f6b5a2b7,Gloria De Leon,San Juan
38403ec065efdecf26969d7b98e68f5f,Angelica Go,Marikina
60c455cc315a8ed0f3de5c41256ecb4a,Paolo Garcia,Pasay
5dc2c6230f0013f654870bd38844d8ec,Gabriel Villanueva,Navotas
4b15a41196ee38748f8dd73c774720e7,Luz Co,Cebu City
90b2f4fc34be52cfdce553ff9591bdac,Antonio Dela Cruz,San Juan
76db093d8f35dbec7bc60dd9684ef751,Ana Soriano,Pasay
33dcb5f0f7e66e02f1dbe0b81f5e47e3,Rafael Ang,Antipolo
e23ecade68f408b92e05741b17567b48,Adrian Lim,Bacoor
878209811578c77342d21e0f6d572cba,Cristina Lopez,Quezon City
45aba6870b04a26251e05a911d1cdf78,Kimberly Lopez,Bacolod
909c8bc6694dfd68c2996381d75c44de,Jose Flores,Cagayan de Oro
86433198b80e74bdd4e97b2931523806,Corazon Gonzales,Pasay
313b8b01c7b1fddf78d25027e77e35ff,Ramon Aguilar,Las Piñas
f711f27ad5071497a57fda41959e781f,Rafael Pascual,San Juan
5479d7916c7b6eee311222b45ccaaaaf,Adrian Fernandez,Iloilo City
2f54e193b7a9925586941fdedb6adae8,Gabriel Domingo,Manila
1b18cf8013bcdef5da24106b30d37bd1,Ricardo Lim,Quezon City
8cbfa92f3f9cdbdbd316b9d36409a1e1,Cristina Lopez,Valenzuela
4ee6328fe7e607adb98c30502cbfa1e4,John Hernandez,Muntinlupa
08b59f990721cd820b618646919c9590,Jose Salvador,Parañaque
c818206157cfdce17c3f24afddff1b12,Ramon Hernandez,Cagayan de Oro
bdf2654bf226ef6e6e5f8e80a3004bc5,Nicole Tiu,Cebu City
628ba53a1eb79042a1a23b6af0d883db,Josephine Martinez,Valenzuela
9efa3c97f232dd0e3ad895ecfb04abe2,Jasmine Castillo,Zamboanga City
55d2f6dd3ab241eba7c52da10ecac671,Lourdes Chua,San Juan
6cfd9c118a66e0ebd6a7c733ae31afa2,Sofia Torres,Makati
0490edef5fc0388b3cde27f09dd4c836,Trisha Santos,Makati
17d2a5563e8e44ae7acd17e88bc775f6,Isabel Fernandez,Mandaluyong
bea4d200c1a67f88ae61a99a8ae1e1f7,Teresa Tan,Bacoor
d0027001956acfa1288186b162167383,Ricardo Villanueva,Davao City
e014d854856c667a62e0db990b16dc82,Francisco Villanueva,Makati
e17ac2fbe21c066ab9f77af4c7bd9864,Adrian Reyes,Davao City
e632b6177876ae5f498c321aff73b92b,Mark Santos,Caloocan
1b8a1a19e6d3959b629e7093a61dbb01,Marco Cruz,Bacoor
9e5a1e97981bc6aacf6bb0c7d0df89cb,Juan Sy,Iloilo City
ecff51115a82cdef1498158af210ec2b,Josephine Hernandez,Navotas
82b0031cd9125774289966950267b600,Carlos Castillo,Malabon
5e69d0f12f0bb2fc481135ef0232d22b,Kevin Garcia,Zamboanga City
f169380b89e4871f2e5288cdc0765160,Ricardo Del Rosario,Mandaluyong
1873a29b58fb1c9c7b0a2eb237de874b,Miguel Navarro,Muntinlupa
eae84434e0c6a09ec75728128a931c8a,Antonio Tan,Bacoor
3f2a33ed5f9f78e932f846890c30e185,Ramon Reyes,Pasay
9d7c27ae498572aa2fbeced1b7b39ba4,John Co,Las Piñas
6b5dfe2c38e5a0aa205111123dbdc29d,Fe Ramos,San Juan
6b339fbca509e00c048101f076cea4b1,Ramon Aguilar,Pasay
7bfd022700848c1c70b8697cf3d7f43b,James Dela Cruz,Bacoor
6aafc14ecac2e58c2a4a8e64148536ab,Pedro Del Rosario,Parañaque
b3def59aa71feae241f180cffafbd1f5,Juan Domingo,Cebu City
5135db4a8b16442761cbeda9ec687478,Paolo Sy,Zamboanga City
592a7dee6a62ac670f89b3407eb1820f,Elena Castillo,Cebu City
1502484b4c1d3b26987a563ce3d5a9af,Marco Castillo,Iloilo City
139d1db057d65bb41bc4f59cceccdbd8,Manuel Tan,Iloilo City
417f51c378987f7e65d6ec7d8a67b287,Adrian Villanueva,Malabon
106143170db3afffdc97a7c04f2d145b,Antonio Torres,Bacolod
02cd99ec7ece635c645322a52c9d3801,Fe Rivera,Taguig
d549fea4b5ec141dc61dbd024a95229f,Corazon Cruz,Parañaque
8ee0b8fa12e959c7846a65dd96e88ad9,Roberto Del Rosario,San Juan
cdd9360c59bfcf43fd4f0f8dc414a722,Ricardo Aquino,Antipolo
a5dfd8e510fe3350dc45bc0303a7c1f6,Marco Aguilar,Parañaque
58ede7870a5335fe67aff479510ff8cd,Carlos Sy,Mandaluyong
534aa8c0e68f7f8d901dd4348f06a37f,Miguel Mendoza,San Juan
7a95c62f4e5d0136e2ee7e256d51ef12,Ricardo Bautista,Muntinlupa
1901e5d20e1fb50ca67613474a3787de,Ramon Mercado,Parañaque
27a1dad30db32e0562092fe6d9a93f0a,James Mercado,Bacolod
1577a5ee022dd10278879b9edbb8507b,Gabriel Go,Cebu City
936d89a548abb11a8cffb85057505e0b,Gloria Santiago,Mandaluyong
79dba489c829c1696754c75fc6e05cdc,Nicole Chua,Parañaque
fe7f47e8ff08e20bc5ee76b710688a55,Czarina Co,Mandaluyong
c3dab0189dffe81b3051600fb51d38c1,Roberto Ramos,Cagayan de Oro
6be6aacc00540a71a0037cbdecc01a5b,Corazon Ong,Caloocan
16143e79a1b20ecf86311a5f49e38422,Rosa Ang,Marikina
ccb3086eb6a4a03739a594310277eb4d,Elena Salvador,Davao City
1c979be48a22bcfde6986ad5fdf6ad8e,Sofia Domingo,Cagayan de Oro
65d1e3e6bcc4a5f2f8092460cdb814f3,Rosa Tan,Valenzuela
463068950d0f9b43aa63c76af5849f86,Kevin Ong,Makati
06b36056f884f387b6d79071c4c04707,Mark Mercado,Makati
ce67a435123d7b70444a24f7a125e38b,Adrian De Leon,Makati
0837256bb89718f2def08cad5e8d0c1d,Carlos De Leon,Makati
41921c2b4c6ca4e94e96189de34cfe3f,Gloria Rivera,Parañaque
8748ff0cc532df95f5a65b39e1a169aa,Jose Aguilar,Cebu City
13b6335b73f890c47c0e089d2867f003,Ana Tiu,Bacolod
45f5a7ed20386c0444f1563efac3c9fe,Jasmine Soriano,Bacolod
a6c6c357cb04ba973f280322d25f0efd,Juan Garcia,Marikina
dd827b4fae78460d3f543d2b70e17a1e,Daniel Salvador,Davao City
4a92a5c95338aa0bbc76c150c24066dd,Ricardo Ramos,Malabon
c1f7522e60c3b53b0ebe7f3b16c552a5,Pedro Sy,Quezon City
0c20a8a34d3d74a6766ef7be38621249,Rosa Lopez,Navotas
ca9dc7fd359da0df2dc267e64b8f7cf2,James Tiu,Malabon
ec184a39e195f8cd97eac2bdad2af0ee,Cristina Martinez,Malabon
8e83d12850e9387d96a360864ef8ebb5,Sofia Go,Mandaluyong
57b3eefe252efabe6c10b47173cffda1,Gabriel Torres,Cagayan de Oro
1d09b199701301a7a5107329acf5229a,Trisha Co,Cebu City
b5b398cbf2cb36cf0e02f2bdcf9823bd,Teresa Go,Parañaque
490beb2f868e4d42c69e21a56e962302,Carlos Aquino,Marikina
c25ff3623afc54f96fd5cbde39c4ebff,Corazon Dela Cruz,Cagayan de Oro
c149faf051f5e930e3a81e29571901e4,Patricia Aguilar,Parañaque
d99ba56e9d371d4723baf1ba87269ced,Luz Domingo,Bacolod
b851cab801545696b07c246bdf0d71fb,Rhea Lopez,Quezon City
ab34ac24466432040b6e62492273b1a0,Ricardo Flores,Las Piñas
601a61bf6c2a7080924b55a86d9d649d,John Yu,Bacoor
0320333fe7d91bf7bead355d6be08622,Gloria Aquino,Las Piñas
5d2453f95412b6dec5850ba333296981,Corazon Aquino,Marikina
d919bd99b97b71fa5fb8c7caaca040f6,Pedro Aquino,Cebu City
c5efeb440e92b25ea18ab38a5813b95f,Nicole Navarro,Navotas
6b72c58b6a69c8e76ee497e36ebdf22c,Teresa Ong,Pasay
b3f65902630c9a03f7f7f26fd17ebf1b,Rafael Hernandez,Taguig
7370b7bdc06d4f93b0ba211c1ae3506a,Kimberly Lim,Davao City
cf34e79b6d3f4aed38d94e73814ce158,Gloria Flores,Cagayan de Oro
9f0afcfd7852aaea65866a3f2c70bcb6,Miguel Martinez,Valenzuela
d2379c887e801710ffaf7fb822fee7f7,Miguel Bautista,Antipolo
1bfaf788c02c247d9ad7371ed7b67cc1,Antonio Dizon,Cebu City
d69089d75a8c9bf1f9ed1be22e3e6b28,Nena Reyes,Marikina
22356065c48a81f75f0577a6f5231cc5,Ramon Torres,Malabon
938eb5c5ee86152da56f57c237359f59,Kevin Pascual,Marikina
6b9c52beb1cbd9e21562c3a0cb248f2f,Andres Sy,Cebu City
5a5418de789cffe8bde68e8592d95c5d,Miguel Navarro,Caloocan
036d6fef471554d87361554c17db07a3,James Rivera,Navotas
2767a1d9c417479214d336c33cc47372,Trisha Santos,Antipolo
88f6799c1e3dfa4e9f5ce08e88ce754b,Antonio Go,Parañaque
ecd2ee0aedc6410d96288de78f290d1a,Rafael Go,Malabon
d0d14102510cd3f5c14c924b999c3de1,James Aguilar,Bacoor
84c91660120f8cc2edfa8b3057435cb8,Isabel Santiago,Bacoor
e397288a5527478e7ef9dee7338db34d,John Ang,Cagayan de Oro
ab41430190a8cf96ab73eefb7732df86,Ricardo Villanueva,Iloilo City
bc2b5e12129f145a02e7941a14d62643,Miguel Cruz,Malabon
d8a15bda51ed577e87018fc95a899f7b,Marco Co,Manila
a2c2c1d1018983af7612bcf46f112b98,Isabel Navarro,Bacoor
1ad034c403eeb86b47addae0d5de95ad,Kenneth Torres,Cagayan de Oro
41ead134e5dedee40fb96bb3696c8328,Rafael Castillo,Zamboanga City
e080ac1d3b1b9cae6e73df1c96ca013d,Carlos Santos,Caloocan
689bea261abd87f9f0d90b021badedb4,Andres Reyes,Manila
5b3d3b843d209c2e550c48415d919169,Kimberly Dizon,Pasig
c24dda16471dde27cd40d71c678b3ff4,Sofia Ong,Caloocan
e00aceac405ce2cfb7cb1bf0939caca8,Pedro Aguilar,Zamboanga City
4b3e4eb25187c794fea6a2a128e4e1b8,Marco Reyes,Las Piñas
c73aacd103b0799920bf964d8aecb7b6,Nena Fernandez,Mandaluyong
6e0b92372fdc2da4d2a76128d922e7fc,Miguel Aquino,Marikina
2126942ffefe7dd71a825d44fc26841f,Juan Aguilar,Manila
e0601a48d63f888e5e28dab5c32b89c2,Elena Rivera,Pasig
371dd0c6065056b7c374a2dfe6ed8bfa,Pedro Gonzales,Davao City
46cdc1ee24145d633b51212db7a79637,Kimberly Navarro,Navotas
707486856e0e080893187acbac4dec0f,Roberto Garcia,Cagayan de Oro
8beeb987d56f55407183452a1e4722e9,Miguel Martinez,Muntinlupa
11d61ad1f9041e91059a368bc73e3300,Gloria Ang,Makati
b8f00c82ab6f00940e17629cf83f2fb7,Josephine Martinez,Davao City
2836d8ea8cd897fcc98be8cc7cc28112,Pedro Del Rosario,Bacolod
524ee827b0c340f0d6e261d094fb41ff,Gabriel Mercado,Iloilo City
c9797b8bb7ebd5752fc701c391a4a774,Carlos Villanueva,Manila
116667c07ea2c868565f284851231ad8,Angelica Hernandez,Makati
23d9ebf26c3deaa6061d5fa6c3f6f6ed,Roberto Aguilar,Bacolod
5638b0fdb7f02ba55b910171d2dc67a6,Josephine De Leon,Pasay
cef8a7703957179e6413fc37374fe3f9,Paolo Lopez,Taguig
5844360b079eed875944aa1c87dfec82,Teresa Santos,Muntinlupa
b841aab49807c6763e066e9882fc1611,Jasmine Sy,Parañaque
15f9c42b6204bb9230c32f18f8e5e551,Ricardo Pascual,San Juan
beb79f25e6d561c986fb5fc4d36e806f,Carlos Go,Mandaluyong
e8d2b13ea36f2db0d8124cabb37ff935,Rosa Martinez,Pasig
bde239963600cc1839f2d5dd2588adb1,Luis Cruz,Marikina
e2fe18f15cb61d778fe8615a2ed6cfdc,Angelica Tan,Las Piñas
4643ad2d05e15fb27cc7e7915d7ce89d,Teresa Soriano,Bacolod
b8f57ddca891da8787539e07f49f196d,Mark Fernandez,Mandaluyong
e371b7d7720350a54106f9c4f95a7b91,Juan Cruz,Navotas
4efa9b947db6a60400a9d4f0d30e641a,Czarina Fernandez,Bacoor
eab66820575b472c5b0b703194373af9,Juan Salvador,Makati
2e413b09bdbcd8ca1229acbabdbc3b02,Corazon Flores,Quezon City
54519ab38118d32d5e714b1105550df7,Cristina Yu,Davao City
61bedf5e37c84c060b7e21d57d28a113,John Villanueva,Pasig
3a53680e82b6911dca312abcc6349c86,Jasmine Flores,Bacoor
0e49e7531bd92796eee99dc8421990b5,Daniel Dizon,Quezon City
84324ffd2265eae153d0d1d303265398,Kevin Santiago,Cagayan de Oro
1daf7cb30fe1e0ef7ea28e827c8df112,Adrian Bautista,Makati
2663d0b83ff2dfcc677f2532404cae2e,Rosa Ramos,Caloocan
c0e0e15142ecdf2974161ef0b598f5d2,Adrian Santiago,San Juan
07c30c8c678892604edd05122b31698f,Roberto Tiu,Cagayan de Oro
14309303a41ad2bf6a7f2349500e7b40,Luz Torres,Parañaque
8f01213d87b1e78b95703c90d0693527,Teresa Torres,Valenzuela
9bf652f8f5b2341f87e3afadb4bf1b48,Maria Soriano,Bacoor
f4c06d07798f3d4477ac6ec91671379f,Miguel Soriano,San Juan
5a298bca4a35ac9b52d9a4c72392e6c4,Ramon Garcia,Parañaque
28a26d303a5e1a9f6f212a78c8e61ffc,Corazon Castillo,Caloocan
7a941f14582d4afbbc01619881eaa544,John Tan,Taguig
2e01c38781a925886044cb93300e0bdb,Patricia Tan,Pasay
534681464c1239f212653e03a7393534,Sofia Reyes,Cebu City
57622f38845f5ed2a6034e28ef5b6606,Adrian Ramos,Marikina
c870bae74cef37adb73983f4a8fc02e4,Fe Dela Cruz,Parañaque
b231d79648589c573b10f8ecc2dd7dcf,John Soriano,Cebu City
354b2a7c20d2cb9a3d293d9446fc3364,Daniel Gonzales,Las Piñas
c8d62215eb74dfde36d251e6b9c2208f,Teresa Flores,Cagayan de Oro
e2fbb4d815f3c655911a23da7009152e,Paolo Hernandez,Cagayan de Oro
ef4af36e63958668c1107b862484ad6e,Manuel Santiago,Navotas
1b368147bcfba2c39ebcb4522549ac9d,Mark Mendoza,Valenzuela
47419857bd3d8f65bf6359d68d1f96ab,Rhea Ong,Pasay
98db7fdb968be22a64265c39db6bc6a3,Carmen Rivera,Cagayan de Oro
16592941c25154af2bc670082cbf7d60,Kenneth Gonzales,Las Piñas
dcdad4f295caaa097f27eb4877a579c5,Rhea Fernandez,Quezon City
d6332d16f172b34b381bdab4c3a82a1f,Cristina Salvador,Antipolo
124513b5eb09f6c6cc0389ebc78da51c,Fe Garcia,Muntinlupa
0e19bec8767bfc2ec0fa3d720a0fffbe,Cristina Mercado,Bacoor
893e2a3f40ad295ff40508d2077d6bb1,Josephine Mercado,Quezon City
f3003f1710bedd7f4d4755984fce2b89,Kimberly Torres,Manila
7e994187a646cda73050aa3d3ca9ba40,Pedro Rivera,Taguig
50646676621fea0e2d82c2421a32196f,Rhea Bautista,Las Piñas
cfc2dcb1f5009ff6fffa83b2db50475e,John Villanueva,Taguig
1ff48ce83aadd4ba8726c939b37dd0d8,Ana Lopez,Davao City
26bf6c6b5550b42d15a3a9dc4fd98b0f,Gloria Ong,Caloocan
4e94f62d2f8c71f3dffc120f46df877a,Jasmine Bautista,Las Piñas
fc43453a56230ac804da3168b3d1a461,Adrian Rivera,Mandaluyong
7b059f836b0c454bacf937d230667317,Juan Santos,Cebu City
5daab6310c70ed24a70e6cc21acd6e68,Bianca Flores,Manila
6b3386be8cbd02b20bb0ca822d824ece,Bianca Garcia,Valenzuela
f78553a8f9fd4a91577c373bcf0cf0ad,Miguel Villanueva,Bacolod
54b1bd671caac1bd03966fe14b89cc1c,Kimberly Hernandez,Parañaque
8287ad779bb18f3027038e405e317b06,Antonio Ramos,Pasig
2ef6e0a16b0739ea3c458f6aca26e08a,Paolo Lim,Davao City
c07b77e80eb9626bc5439d6349926837,Carmen Aguilar,Muntinlupa
cc6c30ed89f71ed0883da537dffd3ba6,Gabriel Fernandez,Malabon
e5e3b9dbca6eaca445411284a1b12e31,Eduardo Sy,Zamboanga City
53b83118102f89bbff6388da0cf460eb,Carmen Soriano,Antipolo
f04a0f2f91fc892a75e19a7e6454e42b,Sofia Hernandez,Pasay
8661f22503098d5df52c8f25c747c382,Juan Ramos,Malabon
db2c5d15ea08ca120d60ea20c9b43f57,Cristina Hernandez,Cagayan de Oro
d28bd540e44c55cd94e4b1ed326bad92,Paolo Fernandez,Marikina
2c3afbd4f9473feda788b26f90e269d7,Manuel Aguilar,Makati
1313519c0162180b99ae61d5c51dab89,Jose Ramos,Muntinlupa
25acc55ea37eaa12e0996bed5ae44ca2,John Santos,Bacolod
2d63f267c8804d3d21c7e80827b8c205,Marco Fernandez,Quezon City
8637376c006d409ca867edd76be42faf,Juan Martinez,Parañaque
3904490a9d5958b78675dd9d300acb8e,Ana Pascual,Manila
856a92f21a915d7394e7bc5ec783e4f7,Ana Martinez,San Juan
4f2d78a88996bcb547844ddfb131d943,Jasmine Rivera,Makati
7ad17490b8ca6493d53ab47d222d9288,Carlos Ong,Mandaluyong
52e6452d5fa3cbddf4711a46e9d51bd4,Luis Flores,Navotas
8ca1719e6629273fe4aee0301c89f538,Ricardo Garcia,Parañaque
03ddd34f4e473bc7fd6e9595f4746a49,Francisco Tan,Navotas
5599a1380babd543fc9abfe82ef56728,Andres Domingo,Muntinlupa
c494876b8746ddc9123de9c7807b55d1,Ana Co,Zamboanga City
dfa4e1d1085a53abe0c45aacba1df28c,John Gonzales,Iloilo City
ce69dbd200e0d377b12ecfd72acf3cea,Paolo Pascual,Parañaque
0cf291ef456946cccf2c13d793f8c460,Pedro Torres,Las Piñas
0022f277ca2a0d71b57f7856dcf91231,Kevin Ong,Cebu City
0d5b7ee9cfc1faa778bd6d0eaf5748ab,Patricia Castillo,Muntinlupa
605d64d4cba9b0d66177db4972475197,Paolo Ramos,Manila
44db08c37a548ba2eb1d6de22d24fd49,Ramon Del Rosario,Mandaluyong
d395df62cfb023805dc82d66f03a35ae,Rafael Santos,Pasig
dc13ae4692b8e37ebc45262f44b40115,Trisha Flores,Bacoor
608ff9198e3c7feb28ba581b0d75a371,Carlos Tan,San Juan
15a8e8a0a2a4fb0365c0d92f097b6045,Kimberly Aguilar,Zamboanga City
106818629e43da9f3a35fe39653efb1b,Mark Fernandez,Marikina
628888b9187a719c9136d36d9e2be63f,Francisco Torres,Makati
77cf4567fa12573857078175e9824deb,Daniel Lopez,Parañaque
0218df0ad12aff44cc94d8bef73e386d,Gabriel Chua,Cebu City
e00833e19cfb4e964629400ae82cd8dd,Patricia Villanueva,Antipolo
23aee7a35eaa216a424248d5784ea614,Lourdes Aquino,Parañaque
0976cbf3b861720626fb0f3c09ff73c4,Elena Salvador,Navotas
2bc4ed56bea5cd6ab9fb85383a0035c0,Cristina Go,Muntinlupa
a4f2e20804984c06d854acadb8839ec9,Lourdes Chua,Pasay
0d344b91f3791d3d85044f8e3bf47827,Angelica Lim,Makati
2cba2240746da991614c3bdeba1cd266,Jose Mercado,Muntinlupa
a6baa9173934a85c5f9a3eda2af3d50c,Pedro Yu,Las Piñas
5d6a42640b82b061098fd99ead16684a,John Chua,Bacolod
41a9797a6e063f0490ac331be82e8969,Rafael Lim,Mandaluyong
5cb00cb1e25104dfd146bf4f2fe955ff,Josephine Gonzales,Antipolo
78bc49b36064322722ad8d608cebab30,Luis Dizon,Mandaluyong
f8788ce4678e18ca8097042630c79079,Maria Domingo,Pasig
df15a76a0c5f3026b9c4863c9caeee52,Paolo Soriano,Makati
4e674e986d5eeab30d9b64053e811ceb,Roberto Co,Pasay
5ddbc6ae2b95be49c1ecf66e32bacf6c,Lourdes Co,Iloilo City
8850355f05e00920604d33004051fb18,Patricia Reyes,Cebu City
73cead6a51d14ba213f3a02c59622b41,Francisco Chua,Pasay
598962b9e11865631ec614517c208d7f,Ramon Del Rosario,Pasay
b0879a2b4c55e85a28e5ee4bc8c213ad,Rosa De Leon,Taguig
1e796e89f89eec3f102e894b1535ccb3,Gabriel Tiu,Marikina
e5e590bb5ca900bcee1b7923ce054140,Trisha Pascual,Marikina
8e5dbc5dfed540aadd69989a99d957c5,Kevin Lopez,Bacolod
bd57a982359d64fa39d1dd02376cb860,Sofia Tiu,Iloilo City
b2cfa5c13db11c803c8b2a6f418f3629,Rafael Mercado,Davao City
767044b638b8acd299bc82a28e610ab7,Kimberly Martinez,Antipolo
0d176eb95e713266fa8338136137f3bc,Nena Garcia,Cebu City
3f7c4c3f4f1938185824007c583cb98c,Kimberly Aquino,Davao City
912d6b16bc0b2cd0d883ca27544d3b21,Cristina Fernandez,Caloocan
60494fcab7299946850d157545a2380f,Nena Chua,Taguig
8a80c4e0816609a713a9b7aba8b76d7c,Adrian Reyes,Pasig
762f1fa7b5742a0050a2d5e843c9aecd,Lourdes De Leon,Bacoor
130543ed6d1d546a6d8c3ce1ae4724a4,Angelica Del Rosario,Davao City
b8c4f5bd7dac05434e4e369dc813f54e,Kenneth Torres,Iloilo City
125166431a1c6a777e9f5f7a0d45950b,Paolo Flores,Makati
d81d49206b0e3ace20b5a7bd61e2c393,James Soriano,Pasig
ab47a0d3d6d7099abfbbfdcfa07fae45,Cristina Domingo,Iloilo City
42f7ec0d260e08454681068f929e5baa,Trisha Dizon,Valenzuela
670ab7180ed93d815c3252c0a4e79c79,Rosa Dela Cruz,San Juan
66b95f90c18db045624373bb10a9a094,Teresa Mendoza,Navotas
f444ebd8bec3b44e805ca1b236214bee,Ramon Dela Cruz,Navotas
db9ad969f57b67c61eaaf80549a46a90,Andres Navarro,San Juan
c6e416d382c89e215e9c58e7c368c38d,John Gonzales,Cagayan de Oro
1ee1f791d9572c7ad2341870fc753f47,Bianca Aguilar,Navotas
cdba11fc1182ed84c9514080f0e0ea29,Rhea Ong,Iloilo City
e2b6b3b546720641b2807603a399d6eb,Miguel Sy,Iloilo City
f3442b087d30e7ac21d5dca73fc328fa,Mark Soriano,Bacoor
ccdf318e963c238ececbbe39d33f85e3,Cristina Mendoza,Mandaluyong
31227abf19752439cc3a393a9fd6d219,Ramon Go,Iloilo City
6d524bd208df1410b417d0d5c696faff,Fe Salvador,Mandaluyong
787f0c346dab9797d3dfa1e4d20f4730,Maria Sy,Davao City
fce5fb987292d9c3beec107b929e4454,Roberto Salvador,San Juan
0ce82f7671f919022b0c8b3b048b9016,Angelica Soriano,Makati
1ee10dfc6efe0198bb7f2216839e0ff9,Jasmine Salvador,Valenzuela
f66ffe317889d490eaa1ef37badfce39,Mark Villanueva,San Juan
a2d3a544e7a28bbd3b9352d02c7625e6,Czarina Mendoza,Iloilo City
c70158b8e58f9b5562c7767f42222c35,Miguel De Leon,Las Piñas
38c0134c035b9fcf6e79ab24c991a367,Luis Villanueva,Caloocan
08bcf00cbd3ae5cb287f6f4e85ec7bbe,Cristina Villanueva,Navotas
2ea7d1d296bd6d9714c1f7afa233f4ec,Nena Dela Cruz,Quezon City
0720aabe4f3c495e45e2709785e034ba,Trisha De Leon,Marikina
e6ac2f68c8e499571c1876ead1c353f7,Bianca Dizon,Pasay
b01e0a8fc65ff13cf91370a24902bfa6,Bianca Bautista,Makati
0e53814b5f84fc206131a977b7dcd3b8,Ricardo Ramos,Las Piñas
1e131f5fbeb4fcc1335490c4db3a9eda,Rafael Castillo,San Juan
a9f27905797046e69ddf8aa7a82e048d,Eduardo Chua,San Juan
9643cd912a8634955fd236f00f33c5bb,Rosa Mercado,Quezon City
c127df9325e18c53ea5633064689e523,Jasmine Torres,Quezon City
6a06a0dedc4c20b9bd346ae1fafcd75a,Ramon Fernandez,Marikina
19ff99560b70cdba97023eaef7f9a947,Elena Gonzales,Las Piñas
1238ba9de3b4f639fe203c743d04dc42,Josephine Torres,Makati
3bfc9492ad422f41fe71a2c41976c3e5,Nena Hernandez,Iloilo City
d4a533221ac04c3d7d58c6c5468c7616,Nicole Gonzales,Makati
f2863738a0ed4b4e22e5fc0a12dc9873,Patricia Villanueva,Bacoor
915a9563526848f45fa33a21ddf37efb,Marco Ang,Bacoor
53b737204a546eedac2c4adf77c88b27,Ricardo Santiago,Pasay
18839e07231b735c7880c542dd6f9121,Francisco Santiago,Muntinlupa
ab3b3bec8bb06c281903d3932bdcb59c,Daniel Co,San Juan
7b7a10b91cc7cc153a85dc2e619ecdfa,Fe De Leon,Navotas
04a0d76786500d9a8fb60a1114ea62e4,Carmen Reyes,Malabon
d38eed21182a35f027da5b0db7af65cb,Ana De Leon,Bacolod
974610609c4f52c519605244cf3d0637,Adrian Aquino,Quezon City
d1433068ab105c8a76f4e98bfa6d5625,Carlos Flores,San Juan
04bd3c3501a3e11805cdc8cf32be9370,Nicole Martinez,Navotas
3f6074db9009324662680839e629fc71,Nicole Go,Iloilo City
7b9286250dc3b3b78e95074eab4f94b8,Marco Dela Cruz,Taguig
015ddb972fc9f313a7175910e3073d88,Marco Ramos,Mandaluyong
1e38be41ba16020c8be80a4df74d369a,Andres De Leon,Bacoor
ecfd0745e853ab95e4a102745c5664e6,Roberto Salvador,Valenzuela
65b1958cce3e0c21d8cd56adfe80bdf3,Francisco Santiago,Pasay
34e5e3eea1f0db32b69b6bd2c1e476eb,Josephine Ramos,Davao City
e8fa71f5dd119c75715f4ba836ada8ab,Manuel Domingo,Quezon City
20f1807bb3abbdf8db8f56011c13e4e0,Corazon Dela Cruz,San Juan
98c826f71045324cef83307e9070aa06,Trisha Aguilar,Cebu City
28c8a4e26dec8f3a259331e3451238f9,Luz Reyes,Mandaluyong
d7ba199290fd1b16febc0a5f5aa4f752,Nicole Rivera,Zamboanga City
0098d65bd6d1dfd548b5f4f1a7633439,Maria De Leon,Makati
2370d958746a0752d94dca0e9e8a5dd6,Roberto Ang,Pasay
dcc3112e72293c5de55f7045ac3f489e,Ramon Lim,Iloilo City
c683f2c73bef02edb2af2037b7125fb2,Rafael Ang,Pasig
197e3b28f769a3c11df3795460a9334d,Fe Torres,Quezon City
4920d8bb26e7f1a7a9a1f7e18f602969,Nena Aguilar,Antipolo
113edef488b44c5314662b1005a1dfc2,Marco Domingo,Zamboanga City
7a20113b20fc13715e108f38d02de20e,Teresa Go,San Juan
7013726e8ee97cb0f3ca5e0404e8a02a,Ricardo Del Rosario,San Juan
eeb55ec939fe80626d23ce3feb61eee6,Miguel Del Rosario,Pasay
e049437ea2bd32db9298b5f66c58e4a1,Ramon Santos,Pasay
09c0d3b41d0df7fc499ceea9aecd6bc0,Antonio Santiago,Bacoor
04e6532cff10276882abc2702f255d25,Teresa Ang,Pasig
7aab9f352eacab462077d4f5d48833a4,Miguel Aquino,Marikina
948e92a4c0457d026eeb0a9a3525c560,Sofia Mendoza,Marikina
00b6430e2b8e2d8f1bbb6d6d8c395637,Francisco Aquino,Las Piñas
4653aab2f7f86a9b91ed63828bc21949,Josephine Go,Muntinlupa
855e57a77117460bfae2901ad78b055f,Adrian Domingo,Parañaque
fd2b38143fadf74fa126d68392b8ae12,Trisha Ramos,Mandaluyong
87b639e160001db99142c5e786074570,James Hernandez,Cagayan de Oro
11695bdf17480f456a4fba46ecb082d3,Corazon Go,Bacoor
4ab305cc60d4ee53044abe00e5d97b49,Carlos De Leon,Quezon City
3a1c9cbbede5474109056d7f001c51e6,Eduardo Flores,Iloilo City
c5b373fd0e6bb6dfdda9a1b28528503f,Jose Co,Iloilo City
a6fa40991d9df8b544682db1addd86ba,Kevin Ramos,Mandaluyong
871c3d8b60b6462490ff9628d01ff3d2,Juan Hernandez,Makati
c9c78c4effbaa7ba87af638d2b629b5b,Bianca Aquino,Mandaluyong
5c9d49b7f0ee3b2f3416d3f4f6730d67,Rhea Santiago,Cebu City
07277be9d02f8ab790deddcdc1c75363,Ramon Tiu,Malabon
339312df6a83a35989aaa06b401e59d8,Miguel Martinez,Cagayan de Oro
2491657f8e1612815a1d73a2f5302731,Cristina Tiu,Muntinlupa
5bca57d6e12e608fe3f4f28567b617de,Corazon Dela Cruz,Las Piñas
64e82d2f427b97695cbae26de2c30ec6,Luis Hernandez,Caloocan
9bead828d9095860a3c18cb9312859f8,Patricia Torres,Bacolod
cbdc4569c1e5ac74d4705597e9c079bb,Ramon Mendoza,Cagayan de Oro
e91775ed5a35846db25bd15f0302956c,Trisha Mendoza,Bacoor
30b0f3893b74e75b7da6fd26f5109b4e,Kevin Salvador,Davao City
3c5ffbc9cb744bbaf23393264dc35d97,Andres Tiu,Mandaluyong
6e9b9791f7593fdfd4a5b0244461d45a,Kenneth Torres,Makati
97b26104cfd0a16a6c0b3c3bcbd6b0bf,Angelica Hernandez,Navotas
f16f705e14ca254fe52658de6bb136f0,Josephine Castillo,Cagayan de Oro
a18f3adeb2b4559f27fbc3ab2669d743,James Ong,Davao City
cc986ec16c17af3c55567425013cf035,Patricia Garcia,Marikina
3d27766bd22237fa9d9b7ccc9dde20aa,Josephine Hernandez,Las Piñas
1d8a408881801af2436c4ee497966480,Ricardo De Leon,Iloilo City
ffed94fac539cfc4839b007487c43a86,Angelica Santos,Zamboanga City
23611c92ccd0f82ef6ccc763fe516003,Rosa Sy,Cagayan de Oro
7a435681e5600bd312a3a8f745686826,Ricardo Ramos,Muntinlupa
75a2c6c1e11b0d013e17d8a197f7c658,Eduardo Sy,Davao City
187a7cf04fb614e5b957a2a8bd419513,Nicole Soriano,Bacoor
5ffdb928ccfb6fda747211b6e217e054,Gloria Lim,Zamboanga City
8b64d0ad70293c3dba4884ca2ecc624d,Isabel Co,Makati
e8fd15e3176cc132dc7a3e3c616abee2,Corazon Del Rosario,Las Piñas
01d12a55a7a0f9ca900b7f525ecd5b15,Josephine Reyes,Malabon
7bb4517d9f7e55c6a3fcd66bfff033f1,Kimberly Garcia,Muntinlupa
28289431ed15514361e07f42ebb7ee24,Miguel Navarro,Iloilo City
9ca22fa6252eae92ace8afe244619038,Corazon Tan,Mandaluyong
babf6b8e7778a017061755e9a2cabc46,Trisha Lopez,Davao City
0d86fc15248e80640289103b3d79f6ce,Fe Gonzales,Cagayan de Oro
04562b26770fc8f40e4635de3bae8e42,Mark Mercado,Zamboanga City
56e5d775c2745b66521a9283638ab4dc,Luis Salvador,Bacolod
df6d2ed3080c92082359693a31d0e34d,James Navarro,Cagayan de Oro
79f3f19198d8febd8e5fd83a1a0c44ec,Trisha Pascual,Pasay
35349cd2bff78949a6042d799fcbe822,Patricia Mendoza,Makati
0fe9754b7ff4be80404c45082a1481ee,Rosa Chua,Iloilo City
fe1879eb5c13c4ba23c757278c3f93fd,Ricardo Garcia,Cagayan de Oro
5521a2cb400f47b750e02adf4c303be1,Carmen Mercado,Parañaque
e7b3d0341515ec0988fa6448c23c9127,Gloria Fernandez,Pasay
38e5df3f21a1948d03fa05fdcc1b2621,Rhea Del Rosario,Marikina
3e3b6b2a5cbeaa66649e657651b4305c,Patricia Santos,Manila
82b931c63a07aa2554c1e4d71428d79f,Ramon Bautista,Marikina
0b142df30bc895a3831c413e694bfc81,Rafael Torres,Las Piñas
13912a98fc6cb4e44b9579caef4340f8,Carlos Chua,Pasig
5e6e51ec6b01e7b709800543b668cf84,Luz Garcia,Taguig
7261a7ea4a55fabea22411785bdcf3b7,Rhea Chua,Mandaluyong
bacc41648c3259ad83b761af47535dea,James Santiago,Valenzuela
37b9b49eb0f72904c7b236f076f5b9e8,Pedro Villanueva,Taguig
687f4607c1801ce8e52e6a6bd7fc922c,Elena Domingo,Antipolo
3ea0f9f525cc140ceec5d81b3a91d61e,Jasmine Bautista,Davao City
525b0f70131db91e80a5dc0671d02e52,Elena Tiu,Davao City
fb93d932a1fa33f87d9477f4ac8ebafc,Isabel Pascual,Makati
e339623873cb5721c8dcffbf4fc7e1e6,Lourdes Lim,Las Piñas
7f1342618e893b1f4c2fef83205a4052,Rosa Chua,Cebu City
344380a441328721a6828e975cfe228f,Carmen Hernandez,Pasay
f4f0563514502f061b92cfd975b6f053,Carmen Dizon,Malabon
0211d494c211ec642b19c10624351bf6,Pedro Garcia,Bacolod
9c2116cf40f1ba1e8ab9a073bf80fc2d,Rafael Mercado,Pasay
4a9cb7eadcc7284071950b08bb3414b7,Nicole Aquino,Quezon City
ae9b9ab2343bfa84cc2812158fc4b16c,Luis Garcia,Cagayan de Oro
0c4f03f37c9de64014ec7244ca4b7ee7,Sofia Cruz,Mandaluyong
07f01fbad95f2bed9801593540f4ca54,Paolo Santiago,Bacoor
b8567b61f6764d3180e38004301d6355,Lourdes Chua,Davao City
95e1f624b59e15d74788594e924d1626,Miguel Soriano,Bacoor
1259c9fa42488b686c3541ca7c62ff8c,Ramon Tan,Muntinlupa
bbcada077609947319069d25a9d9535b,Bianca Tan,Davao City
09872aa6e0876b81f15d0ee30f6cac4b,Adrian Tiu,Pasig
92817fef253ae0ee0b963ec819c95cfd,Corazon Gonzales,Pasig
f42e5eb42667993ce62df58b289e4e2f,Gloria Martinez,Zamboanga City
4c413ff54968af1e3b40ba9ec1256a09,Angelica Cruz,Bacoor
ba0203d4c3c7a4519f7a8c60daa2c2d7,Juan Fernandez,Pasig
bdb9fc710a3385c5c487c3dc6a18135f,Kevin Villanueva,Bacolod
cc5fc552bd1e953fa33a620647530a9f,Eduardo Lopez,San Juan
5bd1c0ed8dd7fc75bd2ab0e6ab531b5a,Manuel Santiago,Quezon City
80b147df70cbb010242ac164a0dc7b2d,Adrian Yu,Parañaque
d4e3731e4da745e15f2186ed357be8be,Luz Del Rosario,Marikina
96973af53ebcd13c2741bdd71428f681,Mark Ang,Cagayan de Oro
7ae33c7c2aa1686981c5164add453a34,Francisco Martinez,Bacolod
f35777ac16920b216153f72cc135dbec,Kevin Fernandez,Antipolo
57fa40e3f1280f9fbc253a76efa9c471,Trisha Chua,San Juan
521bb8edeb6fedb8887697b1075062ea,Angelica Lopez,Bacoor
a147c2bd24c9e4c9d586fc9ff3ab58c6,Paolo Mercado,Las Piñas
22b3a72ee6c0ed19ad9a1823d1e92613,Elena Torres,Bacolod
6c6fc297f74975620d1f766c10221fca,Luis Go,San Juan
f810f8c6551fbf121b52e372ab55ef7c,Miguel Lim,Antipolo
eac8b3e3da9be6d160a4c0f1a47aec3b,Elena Chua,Malabon
1069b30f3fc658b628a7bc6b3b1a8499,Kenneth Flores,Antipolo
3be6a5a0c54a263f8f64dcc89bf9d9c1,Rosa Salvador,Las Piñas
a80293e7fd8301afa1125ba5d76fff39,Mark Chua,Valenzuela
98d73a2893e3567785573f12cfae4538,Elena Hernandez,Taguig
2b6c37964f5337bf26bacf3689869dab,Roberto Bautista,Marikina
eabd27b8cde140de559aebe1c222fc2f,Antonio Santiago,Cagayan de Oro
027f66a3b7b1680d81bd7bdc65e25b49,Rosa Garcia,Navotas
004477646e7cc09d0f771a40875b2a1b,Patricia Rivera,San Juan
ae15d760e885fbc03c71264b8c0f4341,Adrian Mendoza,San Juan
9ffa92f61f3e1f558a5f8006347afc55,Mark Del Rosario,Las Piñas
399257e9c9d836dcb1243ecf81baccfe,Corazon Castillo,Muntinlupa
a597c6023a3fbf9355de489617f36a40,Roberto Hernandez,Pasay
330cde9532936b228e28b3af8b2b27eb,Bianca Reyes,Pasay
8f62d6dca21b93148f6d4cf4c1d7e28a,Jasmine Ang,Parañaque
6e1e2cb32b2c9ab7260731c3793912a1,Nicole Navarro,Pasig
a60fcec725edf7033eb419fa9c5d1704,Adrian Lim,Taguig
59fdbcd52f305d3539c877798e1561d5,Rhea Navarro,Bacoor
b84c7e55eabe3ace5c72d0fc53888f16,Gabriel Rivera,Davao City
8686e4505706722620d29a3afe9426b3,Patricia Mendoza,Caloocan
3ac9e5266172cfa1885bed4b5a330e15,Eduardo Lim,Quezon City
ce7a52cc31e8f696e9ebb40b084305ae,Lourdes Ramos,Iloilo City
6cf8c7f4ffa9156f869465bcc96bd1f8,Luz Ong,Valenzuela
1478c7022e91d80722dbc81eb682ef03,Kenneth Reyes,Marikina
8c75977765d89527dc5559d5fbde2094,Patricia Chua,Malabon
1eba955146e975483671136f71ab1d6b,Nicole Lim,Cebu City
f7ba74a5bac100e6d4f77538552b6719,Daniel Tiu,Zamboanga City
ae2c573ab3ceaaefd530b44fb57b21f8,Carmen Lopez,Pasay
8704b8cda4058c51c4782dde54075784,Juan Soriano,Cebu City
e5f5199bdecb3f4da0f7c3fe2a690b7b,Trisha Garcia,Las Piñas
9e4703b63a77274fc6a45c3ab4e0d474,Kevin Lopez,Makati
d681cbdc9adbb8a8070d9d52653eae16,Pedro Dizon,Pasig
ca27fc30795bc0c05df10572f9dca2c1,Miguel Chua,Caloocan
df5c66601793256bce5a1e062a54ad50,Pedro Torres,San Juan
33cc82bdc242d8408b04c63d92def106,Miguel Domingo,Pasay
d82b49f47ff0593931ec44bab5c2fbc4,Nena Martinez,Davao City
17ec8a87f895f55384eeb9904b89e6d3,Kevin Bautista,Parañaque
f430c35a311db0460d1e6e0786239c81,Josephine Ong,Makati
0346772edcf5bb51a845052f0c827421,Ramon Castillo,Antipolo
bf05a578bc24cb86fc2ac0a84134ebe0,Antonio Cruz,San Juan
4181bbd3066a9f459c84a2431f7a98a3,Corazon Villanueva,Marikina
182eef6ea0512b10a93147cbcaa5ec8b,John Santiago,Manila
73598d6fd717f08356aac6d8f6210d5a,Adrian Bautista,Parañaque
90d4d30391658fa4edc895788fddff4b,Ana Co,Quezon City
e341ff0bdbb8419680e7846f89a59c4a,Elena Yu,Muntinlupa
3edd3d6bf2d0e84c265e3d793f1c4191,Juan Cruz,Pasay
364cf4dbc0173ba4833a0dca9e788166,Juan Lopez,Marikina
d700ca33524ed8d7491ffdf4e18abc5c,Kimberly Navarro,Antipolo
8961606eb8c0a63515b9a57292771626,Maria Hernandez,Muntinlupa
af4913d927a54666163f0a9edc1e3395,Kenneth Tiu,Makati
1380c57b981ee052ae228788b5aa6155,Daniel Dela Cruz,Marikina
fcf48a92cd9bfc6b18a6ce0f24d26666,Lourdes Torres,Antipolo
aac7de5b8c01361ee03df2b63dd060ad,Nena Soriano,Manila
a53c80b882e47f75e0d6954ced7a57d8,Maria Salvador,Mandaluyong
dfe7a7388004ec9dd1395d12d4712db2,Fe Santos,Cebu City
3fa7aac944954794dbc0710281258efb,Czarina Dizon,Zamboanga City
27363d287db5dceb439b36af49ae5dbe,Rafael Torres,Iloilo City
83f1bff4889cb2b67860dc338cd4c163,Rafael Fernandez,Mandaluyong
844de4189cf0c65b31d530f241da4200,Maria De Leon,Davao City
396a52b1ec75630ce463e3cc3e4d1279,Jasmine Ramos,Davao City
f99747140ce14fcf33b5d76b06fc01dd,Ramon Chua,Quezon City
0187cc520cfef77a54b969c78d37db15,Francisco Torres,Las Piñas
1e929b0060f52d30feef7042c0ae9fad,Rafael Aquino,Valenzuela
669f38188b6eb4ddc4f852a72e3a837e,Daniel Villanueva,Zamboanga City
e044d2ef3736be3a2017be53842dd23e,Andres Domingo,Davao City
79e3ee097e01df2c21f68b5c75331b7e,James Torres,Zamboanga City
141f390137bcf64d7afc27250aa7c286,Josephine Reyes,Valenzuela
d75b7f9b81002fc05ddd12516d4007d3,Bianca Aguilar,San Juan
1855798d4cc8c5c656649af646c907c2,Jose Pascual,Bacoor
8111295e770d2ee8d398e0e9d74ef43e,Adrian Dela Cruz,Manila
1ff5141c9960d61063441e541d8c0b58,Lourdes Dizon,Makati
828d2fb30c8f442c4e7136cbcfbea458,Adrian Ong,Manila
9a53176a8c9f0acf843bbe0e2de9ca7f,James Mendoza,Caloocan
bd0ea375707dfce7634a71042b2a1801,Czarina Rivera,Taguig
3c05decefdf3a66bdd71c7e4d10d5736,Angelica Ang,Davao City
08bbfa635435cb7a7d3f737895209c9e,Francisco Torres,Malabon
e08c562b6e2885b2382560320769a839,Nena Yu,Bacolod
b49d2b9ba5a0c0502fedaf91a0653609,Jose Go,Bacoor
837ca18ade6112b2a18a4eb6b46a77bd,Rafael Garcia,Pasay
5010cb3c7b0dd059946d17915370316e,Carmen Chua,Parañaque
8ddd325d5f27cda87bd69e87da840960,Luz Dela Cruz,Cebu City
6a057a52bb338c8284ca8af290d1761b,Andres Ramos,Las Piñas
eb3eab006343e3434c9de8a65b5b562c,Gabriel Sy,Antipolo
d0529ee7ed2b4a7c43ba95acbff40c2f,Luz Del Rosario,Las Piñas
dc833c5a1bdc0f859d9697b999f3e8aa,John Dela Cruz,Cebu City
3a5f9bd635e3d578adf8bf577530d1c3,Ana Chua,Quezon City
69904ec5cb68aa361161c2614e28b52d,Kenneth Flores,Antipolo
9df03cb5fa91cd32dc0d50f3247e7590,Bianca Flores,Parañaque
f601607467a59b6f79eeae254317c495,Marco Santos,Iloilo City
6b6bec543d8a88ea918d964506ae8fd7,Elena Lim,Bacoor
7dcd89f12dde164374df5d07388b3ae5,Jose Navarro,San Juan
a74185081e98927901c2a31594411221,Kevin Ang,Makati
b45e9073d319a54971cde5c1edc0ea5f,Jasmine Ramos,Cebu City
b784fe8be63122ec84fb349deedee2be,Patricia Ramos,Valenzuela
5d38a251c47f9f6ee026cbc614cdad66,Lourdes Mercado,Bacoor
a84868e0ddce6fac2c944fb5565b1677,John Ang,Malabon
afa83997f56d73dbf707422f53247cde,Angelica Ramos,Manila
18e39fc595073c3944cbb8db0411408c,Rhea Castillo,Iloilo City
ecfcff0ba3f51dcf82583605a63fdf08,Maria Domingo,Pasay
24596e48bd5cd4523b9c38c551214cc6,Maria Sy,Navotas
2831502a7a63a82ea21b2b1a99ed8c4d,Jose Hernandez,Antipolo
66c7ac566d77ec7e9612995fc193cefa,Gabriel Del Rosario,Zamboanga City
3faf636ac7e0b8a928e6869268b053dc,Ana Yu,Davao City
2d3eaa71dda2d53b6ee2a116497d1cde,Bianca Villanueva,Las Piñas
8d1968e06682b95623d74fd2631d1877,Sofia Go,Parañaque
46ea9e9a7d890babba479fa5a3019d37,Daniel Yu,Manila
f8e1aab70fb01af7690ec4590da005d2,Josephine Dela Cruz,Bacoor
4f991de8a21aff077f9454f8ec9fd404,Paolo Aguilar,Marikina
b2edb37424bfbd726f56c83cf1853c6b,Cristina Aguilar,Antipolo
3f74518fc6c2ffd22d3a3482391d7002,Isabel Mercado,Navotas
87faf32d2d12a725088f5311e6e5a5f8,Juan Reyes,Parañaque
34d38e09e6e41599e9dc7d964d6709fc,Roberto Yu,Pasig
c83e88dad8f71c173cc5ed44964575f0,Antonio Domingo,Cagayan de Oro
57ef3bef6224db78dee300d8b3a08216,Angelica Soriano,Cagayan de Oro
421ddeb66b13c38a050f7b2793c5a487,Roberto Chua,Makati
950118b185a3560eb5a6465876fda01e,Corazon Dela Cruz,Pasay
ec7adf016cdc9d62133937c061e4ad18,Isabel Gonzales,Marikina
c75d6bbf66c89d2ba5f761f838f7055b,Patricia Martinez,Makati
bc2b0bc40d2d302ad4018a5cadd29c3f,Bianca Dizon,Pasay
4d64acc33be3568d4d346a926e67c686,Nena Lim,Malabon
21ee026dd67a2e9dcdf24521c73f490e,Ricardo Aquino,Pasay
3d7e2d9ce2c0e26e6691712cf695bb54,Ramon Chua,Pasay
0b6c41cd40455f6cd8cf042e2848e2d8,Mark Lim,Malabon
d841de92206ba380a6386a6f41262c35,Rhea Salvador,Manila
c4b303cbc6aa519b7c261dbf790ed158,Corazon Go,Muntinlupa
79b757707fda360214eebc531d1454f5,John De Leon,Valenzuela
33cf9e3046de348004453483ed39a4fc,Adrian Soriano,Quezon City
789e34603c11327604327b2bdf9b8ef5,Manuel Co,Iloilo City
83c7d28ec99d2d5a35df79b4df3867f6,Corazon Bautista,Muntinlupa
600a157ab31825b3d63a4cd1c7dfa957,Kenneth Fernandez,Marikina
1ac09a76ac76fe42cedd0d97b4faf71b,Juan Villanueva,Caloocan
25db3fcceafc8df5956f3965b83b042f,Trisha Torres,Bacolod
ae9a51ddc86ec122e56fcc565d04a89b,Miguel Torres,Manila
c80b942efd1ed434b73a774e888714eb,Manuel Castillo,Marikina
57b8172e240ce34ae81b49e292b010eb,Manuel Castillo,Makati
65f7ad70cce54703bea554de230de544,Elena Sy,Marikina
5cb32caff2a06c41b82a542c57edfb9b,Bianca Mercado,Antipolo
c9e2666be0d325b82b7ab7a8eb3fe56b,Manuel Dela Cruz,Bacolod
33d40fc9691e69dccb5126d9fb8df030,Jasmine Soriano,Cagayan de Oro
a17da14ccee230c69023fb57ffb63f12,Mark Yu,Iloilo City
5eb30ffce98c513923149a04770a1665,James Lim,Cebu City
613e0ac18941257a0a6a10eb0d1c4eb5,Manuel Torres,Navotas
334baa30170f1c4829f93bf8f420975b,Isabel Castillo,Bacolod
1a811b9c452802bb4a7a135a3c67b31f,Eduardo Garcia,Mandaluyong
1649df74aa268d6a9e89bc303e1d6af7,Ramon Mercado,Davao City
a021238404a0deab3f2cd7103ac79d76,Adrian Dela Cruz,Quezon City
68ebb6e81c74585c7f3b814800559bac,Jasmine Reyes,Marikina
d217bbbc9e9182d6701f2e1d8a3bf113,Kimberly Bautista,Malabon
5741e9101f83e3118ce9dc26c9507ebe,Rosa Villanueva,Mandaluyong
790ba9d52357f462f58ec8ae12e0368a,Juan Yu,Iloilo City
39c805b262a200a6535fed39855febd0,Rhea De Leon,Pasig
885cf21762477d506a8eef399cfab5ca,Eduardo Hernandez,Cagayan de Oro
9ee88c529ced6f7d4395af1084cd9ffe,Mark Aguilar,San Juan
eb228762aefde643e074085d606e0054,Kimberly Ang,Zamboanga City
2fe3546a53e939e694b1492dcc1f949d,Ramon Reyes,Valenzuela
0c41c70e737a5243435a6f811a75800e,Jose Soriano,Iloilo City
7a766cb0ce6979e5588d7d95e4ddc300,Ana Reyes,Pasig
366e1517f4dc861633cc9b28aa777322,Cristina Navarro,Davao City
995fb9fc8c78f40a420333d5ab979a2d,Gloria Martinez,Makati
3ff0e7d35e14a2a9656539c51a87ff80,Elena Sy,Zamboanga City
00e130aebedce52fdd7abbc8997f0dc4,Gloria Dela Cruz,San Juan
84064d4960f32d845afe82eed3b972d5,Luis Garcia,Quezon City
fe2a6476e8397e750ccf71c6c419ec44,Ricardo Aquino,Las Piñas
b5fd4ec67e197aaccdd6ad3c2ad70f74,Juan Ang,Taguig
f49c73becaabcf7ca46d892e39561fac,Fe Soriano,Quezon City
3309f960e6267cea64eb709d3fa37b4e,Fe Salvador,Taguig
37e4af30d22bfd0567cc9a00eafb6ffb,Juan Martinez,Quezon City
5fc090af3e22e4c9d5301675be6107b0,Paolo Go,Mandaluyong
d13c19d515cb1345a6ef2505c10dd521,Teresa Ang,Las Piñas
0b3ce3adfb3976937e0aa373c0bce446,Kimberly Hernandez,Pasay
641e0a0963f4c32b5d472ad3b3819b41,Eduardo Pascual,Muntinlupa
95c578d23b828824c040fcba9a56ab10,Kimberly Lopez,Malabon
af11ada030952c2919d5efde6daf96fa,Antonio Flores,Valenzuela
53376b89669f209230875d756f2eb7b7,Andres Aquino,Caloocan
20dc272c782c5c8cfe9f4959374e3e5f,Daniel Gonzales,Quezon City
6c70690cb568ef62500255dc48e14b65,Maria Dela Cruz,Iloilo City
9602b913ee5860271282ed02593fe622,Lourdes Aguilar,Taguig
49c4a8022bc451eff5759f87a0b5e8e4,Marco Ong,Las Piñas
f0a719b88b4c4d82a119aefbed5954fe,Ricardo Hernandez,Marikina
23cbd0c03665ad72672f92e05411e1e1,Rafael Cruz,Quezon City
a3c69e19ac63f368d25d577cdf0afb2c,Kimberly Santos,Iloilo City
491658eb721540ae524eaab232f6ccdd,Manuel Hernandez,Mandaluyong
92fd0540854e0381c5c98449d97dea81,Fe Lopez,Caloocan
3207c7bcae83492773c0c8f9c033668c,Rosa Pascual,Cebu City
f7ff942dfc7d593c26b390f9c7bb5aec,Corazon Martinez,Marikina
63a62641d868a13e1b00c208e01d6c9e,Rosa Ang,Parañaque
a3a250143e1e66bda5ea67721f5a628f,Pedro Fernandez,Muntinlupa
93b865456f32d2f78971bc87e5264692,Rosa Navarro,Bacolod
bf22fb3b739e3544ee21656899552612,Nena Dela Cruz,San Juan
dd3ca0df889d28c0f4e0f4f33af4ebd0,Czarina Dizon,Muntinlupa
1ae2dc65005971c2ff4cedf409f32e35,Josephine Dizon,Mandaluyong
b97007406e92ce4e634ee2be52de687a,Carlos Ramos,Pasig
302e01ed95fcbeb9ac2e2b514d60cdcc,Miguel Santiago,Valenzuela
151b18174bb3c00175ed5cec5969157b,Juan Aquino,Zamboanga City
403af51cc9247b58a18e6d2988563919,Jose Torres,Valenzuela
e3c65aab30a6fa5dd21ec8c5468f5f7c,Patricia Dizon,Marikina
2c0a747c1d423f758fe82ade5c3b085d,Carmen Lopez,Pasay
fd6983c1e617a783e54b5e51f81d756d,Carmen Villanueva,Caloocan
1465e67ec79fc1bb95d57365e90a02f0,Pedro Lim,Makati
2ff32cb87639023c72ebcaab7b74d79e,Rosa Fernandez,Bacolod
3253ce044255c0ea6720a1aef5026319,Daniel Domingo,Parañaque
1c669715b21c9b6442312bcb8f3f218f,Nicole Torres,Makati
30d3af8a1494a3eebd344840f8c0e81a,Rhea Villanueva,Parañaque
b2bf59963d245bbdafa53afa7470f3f4,Maria Gonzales,Bacoor
c8b668176e648f25de18155c8707ee09,Ana Yu,Pasig
bd8b61df6ed85a795bf35bebcd19b2fd,Jasmine Santos,Malabon
41b866b22e9d091385f27f2c91959ce4,Manuel Gonzales,Las Piñas
5a5c94889517977a4540f61ed67ca87c,Kenneth Navarro,Mandaluyong
425509a17570144a9dc955437103f44a,Elena Del Rosario,Cebu City
2f6b45791f8bb250133f220d2bffec40,Ana Fernandez,Makati
52afb8411cb4b04b36ba96a6434ea472,James Reyes,Mandaluyong
61ddfb15db11c26de46bc6ef8b246f83,Sofia Ramos,Cagayan de Oro
c0c4a19c40dc4e5363980d462ff4b71c,Kimberly Garcia,Las Piñas
595db1997e76a86bcb4a419ded803bb6,Kimberly Villanueva,Las Piñas
f9d3eb7229a32115146ef281e8c4e10a,Gloria Mercado,San Juan
b04f59f61d9fb3f9eb81d659b9498d49,Carmen Tiu,Bacoor
6365a3eba37de42e510ef5354c120fbc,Fe Dela Cruz,Zamboanga City
2230936010652fce41023e08e2d0b814,Manuel Tiu,Parañaque
aa6784411496a825b35b365137b2fda5,Francisco Del Rosario,Pasig
2eabad24712806b999fe5b29148d1e24,Luis Domingo,Zamboanga City
84c681b6cc2203dfd11e31e6aca7d3a7,Adrian Cruz,San Juan
97b10ef3447dd02fcd31f6136b5a2829,Lourdes Cruz,Marikina
180ee5a3ce37f4e8bd1428190a9d7429,Eduardo Dela Cruz,San Juan
c6a04d401efee0df3e011ea41c234640,Paolo Tiu,Quezon City
9513bc2572b1ce8912dc0a7c1b478ea7,Andres Soriano,Bacolod
d39ccbe192d9a3485a88db2686f3552d,Czarina Martinez,Marikina
a86dd0a2fd988bd1f258636aa31fee07,Isabel Salvador,Bacoor
dbc0efca56551e4de5375964e0df24a0,Carlos Ang,Parañaque
be4e5e1e2abc3ab7b8f71188ef7cc47d,Maria Salvador,Caloocan
c3c8b0ae0f41bd8b6da3c5c76907f51a,Luz Lopez,Iloilo City
bdb24cddc9bd569bd8aa09a38c2d011a,Lourdes Garcia,Quezon City
cb26e9f4babc04c2057ab10c69cbdbf1,Jasmine Hernandez,Makati
3a7bc15e3907235296a12ebf4ededb34,Jose Co,Cagayan de Oro
bcec62d6ca5f861440ad95c5cfa5905b,James Dizon,Iloilo City
13b6c77a00a25e7a57b264fa05495ad7,Francisco Tiu,Muntinlupa
a15876440525cd0fed793f5adea957bb,Corazon Mendoza,Marikina
dd0c47d33bbfe7ae8cc8c623227ec260,Antonio Lim,Pasay
8395fb4ece984ed43e4ef21bba9f5479,Cristina Villanueva,Bacolod
b0c24ff096216a541ac1c5aaa99ebcd6,Marco Cruz,Cagayan de Oro
0f3607df187c6c636b4059a0a6137658,Rhea Domingo,Pasig
506aa3341ab5b092d04eec13b93194ea,Adrian Mendoza,Manila
66e5a8d12095c57eb77892470c277e01,John Tan,Davao City
2d672ae003da23eddecd0d058593fde4,Kevin Torres,Bacoor
eeafc0960f31aef609e289fbb81ab2a6,Patricia Sy,Cagayan de Oro
6abac729aeefa2a5a241d545491d9e71,Cristina Aquino,San Juan
618952d131deaca55d020527c7dbca84,Jose Martinez,Quezon City
dce959f8bfb1b236ac55098e79ce3803,Andres Salvador,Davao City
9c57d117d3af7b6de652f60a7cb807aa,Cristina Co,Makati
2fb07e6cd7c6ce804b4c9984caea8976,Daniel Domingo,Antipolo
d96e462a70057570c1902685d6b28dc2,Czarina Santiago,Iloilo City
2d57f876f4b06f24a965d25728c910c3,Jasmine Martinez,Marikina
3f02f2b44e4e6658e4b77236b3d27d6c,Luz Aquino,Marikina
102b81f43af06ee35d4473405b0a31a0,Jose Mendoza,Muntinlupa
36e230a5825ca716482cc583607725b7,Nicole Chua,Navotas
bdc97cd1224700f6756c78775c263f82,Juan Salvador,Quezon City
f10231070956f326a9714ceaffa67687,Gloria Martinez,Bacoor
ebd4d34202002778c30453c2f3181eac,Nicole Cruz,Davao City
585697815fab66253cb87fbe6fd98208,Luis Yu,Cagayan de Oro
9c6a3740ab027a7dbbfceb45bebf2609,Miguel Ang,San Juan
8345eb3b9fccff2de898c0563c253259,Francisco Rivera,Marikina
a3113687a3acebeaa508f8ad36d7be2e,Elena Lopez,Marikina
caa0c06dadea95a9d508229f0281c4b1,Angelica Ang,San Juan
3600098e4fcc001f0f586736434398b3,Gloria Tiu,Makati
3311abb886ddef2be4a6df64bcfe1620,Kimberly Castillo,Navotas
46c693977be03cd0dc440fca6dfbf020,Luz Hernandez,Davao City
3cff9bd8632a6734fe768ddbaae8e709,Trisha Co,Pasay
5bb3ccd555777f89b0be04547899dda4,Bianca Dizon,Marikina
15f749ffc71a644b0706683c4950b406,Gloria Martinez,Muntinlupa
c6cd2a0a8cef0c21065fb0e8ec7d5a5d,Josephine Flores,Mandaluyong
40ca8a76d0c3493bde47272b9b664b3f,Jasmine Bautista,Iloilo City
c40cd9a18f83f9ec71bd8ba73be0ba49,Nicole Fernandez,Caloocan
595a278051ae9bcffe2d3cde66516fed,Manuel Hernandez,Antipolo
d3b3ddc28f6d7505976a5d18a631e4fe,Nena Hernandez,Cebu City
6d34800e2f16d23e5c47905ab84a032c,Mark Aquino,Manila
10dd4931e92d8f164b8f549c44484eb4,Lourdes Mercado,Bacolod
0885036ea85667ad02999ef73f1fb134,Cristina Dizon,Pasig
4d8d5b6df0c5c72053f0c372730a6bc4,Patricia Lopez,Valenzuela
e5889412dd2109ecb59a4b37b3e6dab7,Elena Torres,Pasay
00278ca3b3de86e8b3f8875d8ac5c848,Ana Santos,Muntinlupa
72149816f7d49a9be603e29c719fcab7,Patricia Santos,Malabon
18aedf3c82f6950ab9106bb7337e87e3,Carlos Lopez,Cebu City
891102c8151a576375e8bc46cbadafaa,Gabriel Pascual,Caloocan
249b4f27831458e4a16020c7253af140,Patricia Ramos,Caloocan
fe98b27c257b5171801ada385a249e3a,John Flores,Zamboanga City
56b5a605b2f3c939a0e71cd4b45f960d,Sofia Dela Cruz,San Juan
30f889cb86e534995c9dc13e0f0a2c10,Lourdes Cruz,Taguig
86d3e6bc9366861f73675364615363a6,Ricardo Santiago,Bacoor
e2e78f56510a135ca5d2cefb72e8ea2c,Josephine Torres,Las Piñas
5b42647f678b133c3eaa513ddaa1d4c5,Daniel Yu,Zamboanga City
47fc81775810ad9d2a456d81cac49d0f,Pedro Gonzales,Valenzuela
2413ad6e0d1f74e5d34403bdd0bf8650,Kimberly Bautista,Taguig
10ebce62d6983182a4a0b618d2f2fdb3,Gabriel Martinez,Cebu City
27035dc675702a60c74374f385c64c18,Marco Martinez,Davao City
679cdf678f74b80afe89d54cd6914ce1,Jasmine Torres,Makati
72ea11c91a67b16a99e10905ccc9354e,Miguel Gonzales,San Juan
8e78e1163ce69f945517cc61af383056,Jose Gonzales,Pasig
0403aa6e5b2f601e44549effcd83fbba,Nicole Gonzales,Zamboanga City
7286a36176ca379bed9d412b4a678e0a,Gloria Co,San Juan
129f74623c4ee9a28a94594f78df5a7e,Ana Bautista,Makati
fd4c62687bd43f43020d28e367fa0da4,Miguel Dizon,Cagayan de Oro
c8e83b67989ba11aa5cfdff362f724ee,Luis Santos,Mandaluyong
3b6af89d77af4f0e4ea0147f845451a5,Josephine Navarro,Cagayan de Oro
d36c8b9594871e9e39330ab0c700f602,Marco Co,Marikina
10d754b84f38db1681ac74392626d1b0,Carlos Tiu,Zamboanga City
ea912321a508c4e6d0dc06fff4206e7f,Jasmine Yu,Makati
73421fa9287545d73f698afd96091dbe,James Co,Malabon
f52d712520373ae06f869d06de069079,Trisha Mendoza,Malabon
d13b9087863e6d927302152d5746acbc,Carlos Lim,Las Piñas
8e5e122cc487940c491dc1a19fe4ead7,Daniel Del Rosario,Las Piñas
6a14881af7f4f7e8d687a00e10afce70,Rosa Ong,Pasig
095d5ff490003d6691f2229d763421ef,Luis Dizon,Zamboanga City
78f8d33cc7c443f7c2bd9a3039638d91,Nena Martinez,Zamboanga City
bde173c69d4431455b3eafb9d762ed54,Paolo Dizon,Zamboanga City
fed41313db330c073596a8490525c5f0,Nena Navarro,Iloilo City
e7c7c18d9300bb2188ea7de6ed5bd166,Trisha Yu,Pasig
8a7fc948210b81a8d9ec8f2365191f20,Rafael Cruz,Marikina
629af1bb931675fdd88574255aa7eb30,James Santos,Pasay
ceb578871c34e28e35b278494d0bd450,Fe Fernandez,Antipolo
98203060c580a8bec62a4efe0a26aaef,Angelica Fernandez,Cebu City
d4735c5bc087c600b3aafa5836c517ee,Roberto Chua,Taguig
c0f01ced63c5dd1bbf01b2dce3285c4a,Adrian Mendoza,Davao City
16c6678e83969bcecdd9f14370a9d5d5,Fe Salvador,Antipolo
4fdf6268be6cf11dab60d898a177ebf4,Nicole Lopez,Valenzuela
a6408d2d018dc89836a8912a428ac827,Jasmine Aquino,Manila
592a50424763d2e21a1a26bfbe60a679,Ana Santos,Marikina
89b5aad4b8d4193b072fc915846cfc3c,Bianca Sy,Malabon
76f28a8c1ec364cc54c5e58c8d136867,Nena Mendoza,Navotas
31489d437a14fc65430d11ab4025be0c,Fe Ang,Marikina
8de6743b90f7b1af5d5fccdef71eb0ed,Adrian Ramos,San Juan
68ccdecfdefc839d8ca42c1736fc012d,Roberto Castillo,Malabon
b5c6d2e7cc9e819c1170069958a6500b,Fe Reyes,Davao City
322b2fe105936dc07883a6f6901d1a49,Ramon Del Rosario,Bacoor
10f5016967f9ec3113511185a055f7c0,Jasmine Ang,Makati
f06aba38d10fde8632063f64837a75f7,Juan Santos,Makati
544d708300631fb2567be7465d267d17,Kenneth Yu,Las Piñas
c04688234274e38dad4b8936fd1d4413,Manuel Hernandez,Muntinlupa
2bb2a47bf48cfc2d8d90396de1c6393f,Angelica De Leon,Zamboanga City
b91824c45adcd5c523ba80a5380f440e,Cristina Fernandez,Bacolod
6e3506d76ac138f45302cc32c82747a5,Adrian Co,Valenzuela
84ee988faecfd3d7b00326a8f84c8fff,Cristina Castillo,Pasay
cd570140294b17ba264580bf6eccb546,Roberto Bautista,Parañaque
a79440a3fecdb68ca50be3dedb368d8e,Eduardo Salvador,Parañaque
5f14e78e1c15d4c3625c6182aa722bdc,Ricardo Aguilar,Navotas
ea0268d6c1f08fe3a6b98f8779bea192,Isabel Torres,Makati
1d056a1ff939c1df1ae1e49d9896e044,Ramon Yu,Davao City
0127651933c74e12eb9da0724542172c,Nena Salvador,Mandaluyong
ec766238b079bc0fa3a3b8b1738d42d3,Teresa Dizon,Iloilo City
dbaff396a148298697a72c3c06700b63,Nena Garcia,Makati
283843aca1d1993da153e449f126d622,Angelica Pascual,San Juan
3724d7ee24e523b8fff40892821b85da,Ricardo Go,San Juan
b21756a189dc3b0a9ec987eb0ca03754,Marco Rivera,Cagayan de Oro
b8457163024c52a4ee99d454120009ea,Trisha Soriano,Pasay
d37b008a9b5874abadc4d03705ecd68e,Carlos Mercado,Marikina
82311f94bd3e37acf0e183782834c44a,Carlos Cruz,Davao City
af45a2b169e2202458f58bd80e43bb8c,Czarina Villanueva,Malabon
b1b81099befb974e343d3d4a6ec4817e,Isabel Martinez,Iloilo City
b793d3d193085ef3057201396a7ec450,Luis Villanueva,Navotas
49e7fca5a8f4c7d06f72eb17e1037d73,Rosa Lim,Pasig
9c73fb7dd18235efe350051f5a2a7584,Sofia Rivera,Davao City
bade3ecb42a6fe35ca662541e30766f0,Kevin Sy,Parañaque
56b37b11cf2ca10002fe9936e0aa9880,Ana Hernandez,Pasay
572c2770a20750b8e1cd9f94273aa79d,Rafael Rivera,Quezon City
46f82a4865ab8fb1e8509ccea5cd0b6e,James Dizon,Cebu City
2788dec05a47bc0b5b61e47af5426da2,Pedro Lopez,Pasay
0b29d4dca7f0f3630f44b0506a427273,Angelica Rivera,Davao City
bd285547b408c869b7339a76a8f54fde,James Ong,Las Piñas
1d70aca5fc8fb4a0d76bdc025ce4ec02,Luz Tan,Pasig
cddee4945a852eb70868778bbf8a42a7,Mark Domingo,Pasig
c282de5203a1e077a734dd041f830555,Miguel Lopez,Mandaluyong
fbfd3aaa5c00e42039d76ec3d9d7d9ed,John Tiu,Zamboanga City
bd588c88758051b529e0d63edbc20fd0,Bianca Tiu,Antipolo
b1becbb044b1b4bfe4dd3bd87b0f9843,Luis Dizon,Marikina
3b08cdaea53fc44f51db1a817026bc0c,Corazon Bautista,Pasay
1d8bf98ea91f0a8223ada523e3f3b666,James Flores,Las Piñas
b64cde04ac5b61e284d1369651e9a7f0,Nicole Flores,Makati
7a6a8d3623d7e6eaa1c02847b76a1730,Angelica Lim,Caloocan
768c2001aa8db3edd89f5086fe19e9ae,Cristina Cruz,Taguig
cdc5d019d67331eb8c2799eec6d6ea25,Jasmine Tiu,Iloilo City
6db7cd9fec92ee86f9fa5a31748b2929,Lourdes Castillo,Malabon
b337e8ab2706857f4089f6ab23750226,John Garcia,Caloocan
64b8ecd9623c50ac29823e5cd4659776,John Martinez,Davao City
484ed8a0825b40924f50444e7f9f7870,Manuel Fernandez,Iloilo City
ec086b0a314ac73ddf7f0b2e27006093,Gloria Aguilar,Las Piñas
e36b8c56d2e3bc497630e95a08987871,Kevin Reyes,Bacoor
21127a58922508ddfacb078dcfe9a18f,Sofia Dizon,Malabon
f87f9b9f957432bfb9f867200e41ef37,Andres Torres,Makati
f9acff08cc7db2994d418a58a48f8a15,Ricardo Aquino,Pasay
f132f25b93fe15823a0484a7febeb01f,Francisco Co,Iloilo City
21a887dce441eae1b883583811143722,Roberto Rivera,Pasig
b458d861ce8487a2136a4a20f3286027,Jose Santos,Navotas
50c3dfc634ef2f34d9073efc1a2e1a2f,Sofia Tiu,Navotas
3eef9a64e5cc7dd50af58010e690bf16,James Ang,Davao City
946bfdbfdace722820d7279223aba3e8,Lourdes Lim,Pasig
e1f0ebe0144ccefc5245a8283bc81ae2,Teresa Castillo,Cagayan de Oro
67bb0c2f0d747607efbfe3714a3e005b,Jasmine Del Rosario,Bacoor
b7e16a054ab7cc98a2254b5e977e84d3,Corazon Castillo,Bacolod
267c7159d27d4162b4aafd0d92c22b7e,Luis Del Rosario,Bacoor
917c4fac47fc85ef693a4e165d1375da,John Villanueva,Mandaluyong
dd3d923f5e0881b862295682cd718ed6,James Chua,Navotas
8e4a6a05b70842aa1eb3cf660d92ca1a,Antonio Ang,Quezon City
ad76ff87c7fcee6fc77c98987fff67db,Juan Tiu,Manila
dae91c2283a60f31950275e94295556e,Fe Pascual,Makati
b02989bccfb3b6bd362fe15a526458cd,Antonio Lim,Quezon City
579b0f77fbab1a09348f9ea795ea5e68,Kenneth Aquino,Iloilo City
e59005ff2f7b5e2e6cf8ed651a137dcf,Teresa Tan,Navotas
75f8fa1e4bb163201717cdc7ae302bed,Elena Torres,Caloocan
974401a9178b289e527c5970912ec525,Carmen Villanueva,Iloilo City
187e0745dd6ab19c8e91679c9687a521,Bianca Dizon,Taguig
cea772b32d24b8b7b215defe8b0dd7be,Jasmine Castillo,Navotas
8612a0008621c653aa7750ede7f0eaa6,Elena Mendoza,Parañaque
4ed3fceb01685072690c9f4caadb76c6,Gabriel Lopez,Bacoor
4be8296cf4f0ab71bf71d52845387250,Carlos Santos,Iloilo City
31a38480b202eea0bc699b35b4736531,Corazon Aguilar,Manila
a1cdff7c83f260f0d8be91ec4612b210,Fe Soriano,Valenzuela
fa6715953849ee06a035b113736f9e35,Carmen Santiago,Iloilo City
d882d874517d33d69772fee006ca8354,Josephine De Leon,Malabon
2b5f90f4b6662cd1f1d0c47df87cb955,Corazon Dela Cruz,Las Piñas
d18eff356f5b57c2ea1ac26f3eb893d4,Fe Mercado,Iloilo City
dbad700f9e2f6b586b3e725e99f8e01e,James Gonzales,Las Piñas
752a973fb9405564b4a7dc48a08a0e4d,Nicole Hernandez,Valenzuela
33c5d95a2ad5b5642248a8880d809277,Adrian Tan,Antipolo
71b53d39e04a367b5fbb9cdd4dc73d7b,Gabriel Co,Cagayan de Oro
dc7eb314fb110a1f55211a6b290fd330,Cristina Aquino,Muntinlupa
0670237eda652a82512fa339d94b48bf,Paolo Torres,Las Piñas
afa96a31aded6a4726b1cb01c9ed5ee5,Eduardo Dela Cruz,San Juan
707e439155ca75414f5f227ea99157d9,Lourdes Tiu,Makati
6128f7f4eba7adde770ca5df284d46bf,Nicole Ang,Zamboanga City
abd618b303ff9b814834196836ecbf1a,Manuel Reyes,Quezon City
9506a0f7da617c3d3ff3a47ed6bc9ba5,Carlos Dizon,Pasig
86065fbdf8627113dbe271067805a596,Manuel Fernandez,San Juan
29995ff4134febd784fd798ee2403368,Ramon Mercado,Parañaque
1ca8de061c5dfe6b3e555044f87eb70c,Jasmine Chua,Valenzuela
53b7887fec9564c3ab8a6a66c240d7c2,James Mendoza,San Juan
7fb1efb64d8fb466dbba63f3c9d9a76c,Rafael Tiu,Taguig
c2a74575a6ce05070b2fcc41d47f1846,Antonio Pascual,Mandaluyong
750c6a8356f8a50cf2f335c978fb31e7,Luz Castillo,Bacoor
7c726cffd417715169f42d0f813fa9ac,Kenneth Soriano,Davao City
b4f0d8f3eede66a2ba110e3a6e220efe,Corazon Aguilar,Mandaluyong
95072d035c982892354fbe5b89f70c14,Maria Garcia,Zamboanga City
3585c02d8e55b918a7796f8016f36e81,Marco Gonzales,Mandaluyong
5eac614e7ddd7dce9efe17167432a80e,Angelica Soriano,Bacolod
c724ac786319696a1b412bbf51caf441,Paolo Gonzales,Marikina
6c39afb323295c506b0d9ccd193f562d,Jasmine Tiu,Muntinlupa
6be047064527e0bf3a47c4d8911c5e70,Kevin Tiu,Davao City
5854598722bfb293a8c3c63349895214,Rosa Ang,Marikina
d887ed2e205700746fe5510a8666946f,Rosa Rivera,Pasay
a8eddb230395eb8ba0f294b9f3022e8a,Mark Santos,Malabon
7b781e45cc37f23454225540cd28188b,Ana Del Rosario,Cebu City
6f8cb853bb7acf67768fdf8a0d26188f,Nicole Bautista,Mandaluyong
2e8358b0527d45bf86bc701013aa47d9,Pedro Bautista,Antipolo
a2af004e1e7e419ed1a98006288e03e2,John Tan,San Juan
650ea4bdc83247c67e2266f95c7a4a4e,Ramon Villanueva,Cebu City
813e3e7367e3cb5b5f22021997207956,Kevin Gonzales,Caloocan
87539381a708cb7a24c22507a471f89e,Josephine Lim,San Juan
13cfe7c7aa3e55b1f63dee04ebd6a7ea,Carmen Sy,Antipolo
86a1d1ceb95d7539da52c1e5aaf2a254,Eduardo Go,Davao City
544cf4e1cf65348f053eebb173f22383,Luis Mercado,Cebu City
c123f37a2b9c7613d5a4a13a12eca727,Adrian Martinez,Quezon City
f03f41fecc4649678db7cc81403153c5,Bianca Gonzales,Las Piñas
540936315fb3eeaf6dd9fbec1b8ff282,Roberto Sy,Muntinlupa
c09a633bb38445e033918d085e1719ed,Andres Cruz,Bacoor
c28545757ff6e400350f24a4a1c64db9,John Santos,Parañaque
1168542bda63b8db5520fa639b899f01,Elena Domingo,Antipolo
574877565d88e79995be7733cabd0337,Rhea Ang,Pasig
1afbc1bd70f731177b87585e25c73073,Kenneth Mendoza,Mandaluyong
498074fcc5e15cb47d5ad0950598d207,Jasmine Lopez,Navotas
d587ae920d47680ee52f22ab11c4f7a6,Lourdes Dela Cruz,Bacolod
bb4745cdbd6914ae4fd9f8ccbf8453d9,Rhea Flores,Mandaluyong
3fe282e51185ab30b3f7a06fb8944675,Elena Ong,Taguig
1bc6f4faa9e33d03e3d78b0fbca0f60e,Trisha Domingo,Pasig
f9d40b9eafab52b015e3e49af2b22c2e,Rhea Salvador,Valenzuela
2d50ea42a69e72c1c62361157fb09792,Francisco Flores,Pasay
46d26da3e4d225104a8801dccf4e0266,Kenneth Salvador,San Juan
2f2cfc0b515ca1c1aa840da9ebbbb9a5,Lourdes Mendoza,Valenzuela
23e2700e551ce6f864cafc4122d9ca5f,Corazon Tiu,Las Piñas
6fb4d79c5c0c152f182c5cdf79595ba2,Trisha Tan,Valenzuela
44eecff0f0f6b2765e81307655140f6c,Carlos Chua,Manila
c28268c3a8bd2c8ea2163174072a916a,Paolo Soriano,Makati
e2d1bbbf3a7df696ab03d869916b0a99,John Tiu,Muntinlupa
b9bcaaff7b2a215be20c512610a588f7,Antonio Domingo,Pasay
879925f45b9ccb92436ded93ecfbe665,Ramon Fernandez,San Juan
5be784268d6cf31330ccf632a75b62ac,Luz Dizon,Antipolo
24d2dc805c6c98da44dc94ff7b9f5b36,Elena Sy,Taguig
296da5b4b1ee1e5dd6826bfb9d37107d,Fe Del Rosario,Navotas
95f872867ab18fa22edf2fa12be868be,Mark Garcia,Marikina
c828e31f8e1a9a9b01e40c939f7e3a09,James Santos,Quezon City
e16660e3d62086b330e14dd91c9da1e7,Mark Gonzales,Quezon City
2d918d4ad5338e5a2ac272b9729a92b2,Jose Martinez,Las Piñas
c2683bee52ea02bc704d5fff1ff2aaed,Corazon Martinez,Valenzuela
dfa14022b2eaf37c73360bb51a25134f,Carlos Domingo,Bacoor
a509e4bfcfb913594a3097247729ad3f,Ramon Rivera,Iloilo City
40aa84f371c3c2bb90367ce336738b91,Patricia Flores,Cagayan de Oro
975e2137e4641f2a493b04270994dd34,Carlos Fernandez,Valenzuela
12fd7c6ec0f055f890b09fd0faf968ba,Luis Ong,Las Piñas
296239d6df83e7625637b98760a83ca8,Bianca Yu,Malabon
af84f9114e62c6c20f06c522f6b080c2,James Soriano,Manila
b2a64c2f364b0bc05709a03e9a549283,Ricardo Santos,Cebu City
7bb1a70500403ebe7ddd30c46b96fbd2,Jose Yu,Parañaque
a0eeee05f0374d6de504d5b983e06587,Ramon Co,Davao City
8173a64f7b45380aa180a7754a0601fa,Jose Sy,Caloocan
ce95f0b458b660f81f0ebc5737fab0ea,Eduardo Rivera,Bacolod
0d1ba327855ae69d7793891681a63265,Czarina De Leon,Marikina
cade3211d7d0fc527aed1aea6a0d8555,Paolo Mercado,Muntinlupa
ae6dce507730d58ad1206a9610d7217f,Cristina Santiago,Marikina
47640b893248ed1cbbc10263fec7fdba,John Aguilar,Quezon City
407bea8faef8c17ed2fd8497d754ff95,Luz Soriano,Muntinlupa
3928fbb0733e8c2fcc193f5c408d1b66,Kimberly Soriano,Quezon City
70a76e243add1ea8e68c8d0971ec17d7,Rhea Go,Navotas
14124db526fb8f591f972a58c964d790,Paolo Dizon,Malabon
4d5696c367497e6be9b6b7c8abe776d2,Angelica Villanueva,Taguig
65a602fe70ff032fdd2ef98322279e01,Maria Go,Marikina
5ce9cb20429bcaedfc3c4b8c62420a26,Czarina Garcia,Malabon
5670a0aebdfb7e9d6589d8d0fb5cad38,Nicole Flores,Las Piñas
15b71866b9d650a1abf47f4ad417dff5,James Salvador,Makati
045dc2f1fa982ac430f90d60ee689330,Rafael Ong,Muntinlupa
d2024acaa02c845cf8f51ccfcbdd468d,Maria Rivera,Pasay
d40413407435344a763726b5c7b9d368,Maria Rivera,San Juan
6c7e34cf5755cde430b6f994926618c7,Ana Reyes,Malabon
fc6ff9f85500e3c7527fec0a2ccd2d23,Francisco Mendoza,Caloocan
572ba82f4b6390bad68fc391abed25c1,Luz Chua,Bacoor
c290bb098eb13c650fa5981cb369d27a,Eduardo Tan,Cagayan de Oro
5d53f3f7679cc35af7c67fa07c9b4ff1,Juan Santiago,Bacoor
d9234180e6ee330cc1c084d4fa57fb5a,John Navarro,Cebu City
095faad8c43f34381b23af6f8290bf60,Roberto Cruz,Davao City
79c710765d7929a36e428b2da6592388,Cristina Del Rosario,Cebu City
80c6f9063b300967bf5f711744357834,Jasmine Lim,Muntinlupa
fbf6c7bb663afad0164dc7f3e323c200,Kimberly Torres,Marikina
fea59533f37f9f49a5f3391328fcfcb8,Rhea Cruz,Mandaluyong
c3ad83dc5c548a5c524a63c648197d04,Gloria Co,Malabon
387ede1019f0c0fce826536efa7553b2,Josephine Aquino,Marikina
68ce341d9cfda4957a2f6cc388a77369,Kevin Del Rosario,Davao City
564128bd0b3eae474aec45bc9cd09020,Ricardo Pascual,Taguig
ad931b3fadb8d6664c67d8d77d92e812,Teresa Flores,Bacoor
1974979e7f3e243399c5a3af91d95d04,Rhea Villanueva,Pasay
0d3e7f3a6ac822927b511a5c1e4922a5,Daniel Santiago,Muntinlupa
ac92a4a435e3bd0abb6050720cfca308,Roberto Soriano,Pasay
b9a67aca648123489a74d51a95452dfb,Manuel Torres,Quezon City
e2d87c1a20e9b7982bbaa6410ba48cab,Kimberly Fernandez,Quezon City
713fefaec62c609b7db9fa577bcb5b8c,Nicole Bautista,Quezon City
28e1e057eabadddb3204404562a4dfdc,Corazon Garcia,Davao City
bad12e39204e77364114c0a8cfb4a60e,Patricia Reyes,Zamboanga City
f33f2b6c1118f6350cc7404f0a2f4564,Juan Yu,Mandaluyong
a645b9cd4bd743c74bf08496e8dd4338,Adrian Del Rosario,Valenzuela
b23b2bd2d126e8f9a9ee854ddb3f2b2e,Gabriel Lim,Pasay
098baa7379247918865af23b32db4da6,Daniel Lim,San Juan
5be6d90028e1f3731a84fb341f09e8a9,Corazon Villanueva,Davao City
5d7fa8b94e7ef9038509d73cf17660d0,Lourdes Soriano,Bacoor
3cfbde22e40c497d188dbf0a4b6bce97,Isabel Aquino,Pasay
64d09f0bd762126687e9930060b0a8cd,Maria Go,Davao City
f022d1fdbf9b69b78a714e19f3e381f9,Gloria Ramos,Mandaluyong
f69a9739944bed95446676ea52a36c35,Gloria Mendoza,Bacoor
b271ed53fbffc0c2a1485e93808dcec5,Roberto Castillo,Mandaluyong
6fc10bbbbf3b0030d0614152b17ff380,Gabriel Domingo,Pasig
9eb9644db23b87a1af180393436a8d14,Carlos Mercado,Muntinlupa
8c931dec9c56b4871e7b087194bc8866,Nicole Co,Bacoor
36cfef71cb4267beb895dd3a4e8041e6,Ana Ong,Bacolod
6673cf98e600fd90e7d2474ea56f60d8,Fe Go,Las Piñas
481d09b302d4ac40a928a75eace2add0,Ramon Navarro,Navotas
b1c582188a94461c8e861fcaf175c55d,Josephine Aquino,Mandaluyong
5fd4d1f18698edd54db8cfbc74516ebd,Nicole Lim,Pasay
b3b087ccf85f3d1e2e8b606624d9f874,Fe Hernandez,Pasay
625d4b10366ef4907ff7f80aed1cb3eb,Paolo Soriano,Malabon
81deda5134e0df55bc15bac7d0abec4d,John Lim,Valenzuela
3daa07cb6d05cb011a9f54b049cd3c72,Paolo Go,Zamboanga City
f20004f1750b7edbb77723a72304cd87,Mark Go,Navotas
772800edb98f39b63a249d4eaa21e2e6,Rafael Mercado,Las Piñas
d6690730c68a73c180fdb598bd0d8e56,James Castillo,Valenzuela
3b66add4ca90ea31cdf960cba5354f88,Miguel Go,Manila
be0e4ca31c8960445fabce66a86862a0,Jasmine Garcia,Marikina
f14f71ac92ca6394e0efc25da1442ce6,Andres Flores,Mandaluyong
a56372b5874f16b76b64ed72eb82c301,Manuel Pascual,Cagayan de Oro
4c42eded123ba13e7a32b8f37809c706,Patricia Martinez,Cebu City
0dec2364f002a2c945e10bf464caa3f8,Fe Martinez,Parañaque
3bb261f40d4ad07686eff0a472ac170f,Francisco Martinez,Navotas
02ffcd93ca10ccb6b890dcf2e7bc05b4,Eduardo Gonzales,Las Piñas
a97c2f094d00b5f126094a91efd1f854,Ana Rivera,Bacolod
7a6a2e660c8f896560ce9a82ae56a227,James Bautista,Zamboanga City
6ddd3f539184b5cdaaa8e565b52227ce,Kimberly Pascual,Iloilo City
4f7f3a2b46c6c46b6b7294ddca88430e,Ana Fernandez,Manila
9ee949b32eca2ecaeda7f621c009287c,Patricia Rivera,Bacoor
45984ac6e36f0c3361a9934c352d35a2,Bianca Domingo,Valenzuela
877b9a1faf71ae397bd5aca5ac168ed7,Adrian Rivera,Caloocan
77a7e8c1b4bc8eb3a48fb87e02895857,Josephine Hernandez,Iloilo City
a12dacb3da9bfc54b30a2139b544b989,Roberto Go,Navotas
e498490c784e4ca9e85ff7ed2a62dd21,Roberto Santiago,Navotas
2937e5029cd50352313a82298a4b53ed,Carmen Co,Antipolo
b6f59bc4335ef799dcf128e5739789ba,Andres Garcia,Bacolod
b8111306b526f3644ee1dd2597bb69a6,Nicole Villanueva,Quezon City
0c5000f835557b296711d5a2872cb359,Marco Cruz,Navotas
1658e6349b6f10cfc6e71927ca24d4b0,Patricia Pascual,Valenzuela
c2f0539348e188baea737f817cb8539d,Corazon Domingo,Pasig
ae6172a8ed1538e9a4fbd76b5fe8b453,John Domingo,Pasay
0c372f473d912bc984f3e57336de0377,Pedro Hernandez,Iloilo City
208ea926a1bb606de7e51f4755b53aa8,Juan Sy,Bacolod
90292eeddd9ce54714822a4e4cf943f3,John De Leon,Bacoor
8084ff09857c50bad37a02c82f5943e3,Adrian Go,Muntinlupa
0bd3af7c41d71238dbb6f240d35ff345,Gabriel Co,Davao City
047a2145b63c244410c0636c532f19c7,Marco Domingo,Cagayan de Oro
5f0e9053ec3af2223f9bb4526ce28b3d,Gloria Castillo,Antipolo
55ccfb7d0e08c1858bf2abbcaae8f091,Ana Ang,Quezon City
852616efb074434d4ce7ec8309523dae,Pedro Chua,Navotas
4f234961010fb2829c35ba2c6284ced5,Carmen Fernandez,Zamboanga City
352b3d417c2879707e8d0feb1912b7d7,Francisco Santos,Cebu City
61906e936c649cdd72f241252790b90f,Mark Torres,Taguig
77f557933f0eefb1006b4db9c6cae3d4,Carmen Navarro,Manila
98fb8d875a609fce535a1b70b620e9a1,Paolo Ang,San Juan
c927fb983c2ce5f4476bc10ffa7535e5,Kenneth Dela Cruz,Mandaluyong
8d9d42f095fc376a4a6df4ba8ce26a5c,Francisco Salvador,Parañaque
8d41db8d538d57f3b6f86baebc5d576a,Teresa Co,Davao City
42ffef196e9d8dde3bcdde1210655793,Jasmine Tan,Parañaque
987eca534b24ce11146e7d1fa654e6ec,Francisco De Leon,Zamboanga City
d5c7dbb77ecc2e249366765fc77b85ad,Cristina Hernandez,Taguig
44219677cc3cecc16b279a0ed8f047d6,Bianca Tan,Parañaque
a9e793eb7ff342d57c22e0303e65c413,Luz Soriano,Pasay
571a5bb37789d125b264c199b43e9d04,Patricia Villanueva,Bacoor
ebc7545c08bc5fbf5d4e200a80506454,Sofia Cruz,Valenzuela
ba169bf54adffa346458e816f07760a8,Juan Tan,Bacolod
b54774698650a7985603304b72dff126,Elena Dela Cruz,Bacolod
810ae267cf3a713c56681fb682994829,Juan Sy,Quezon City
ee2415ec10d7db09ad8071e40ecc68f9,Maria Aguilar,Zamboanga City
4c689f8d38a2176f94da513207f66acd,Paolo Lim,Davao City
7194656888b4917a5c8a3c264a121b51,Trisha Tan,Pasay
1bf19fac9b1fe8f9798d9a2ea7d6059a,Isabel Sy,Taguig
a6d8d7d4a7acd06b8b596745282d9a11,Gloria Reyes,Malabon
5102a2aa223a01f27aa6e9e28b375ee8,Ramon Santos,Mandaluyong
279665c47e719413f4cc989bbcd1853d,Mark Navarro,Cagayan de Oro
7efb67fd8aa2de9d28ae75043b6d341d,Czarina Lopez,Valenzuela
60cb9d263bb388296d4e8e365b2a982d,Antonio Santiago,Pasay
41ba3550636899a6edee5095b30ea11e,Roberto Pascual,Muntinlupa
e52124cce6a660c0cfdf4a5298605f70,Kenneth Mercado,Mandaluyong
f69c97d37fe9dd9fab9b92ddf06dcc58,Rafael Aquino,Pasig
235d146abd484648630866788aa00fcf,Nicole Flores,San Juan
1db6b8164508180e760df2bc76227fb4,Rosa Soriano,Malabon
2a23afa3d36bdc4bd8ec1573b32f8184,Ricardo Fernandez,Mandaluyong
8a5f3dca1ba9940ba2d292d84758037a,Pedro Reyes,Malabon
f23fda7a18e44954266436854b5bf4cf,Kenneth Reyes,Marikina
dc7e12767a355f2f5da2ed8870c43b20,Fe Rivera,Cagayan de Oro
c44fe79d6c60059762538e8bc9c562fc,Teresa Dela Cruz,Bacolod
cd16578927440e0a4af113c8f3742986,Pedro Cruz,Cagayan de Oro
f30190db71a31eb5aaa4eabc9bf5af0a,Andres Salvador,Iloilo City
6e6c2c82d6c1806266a98219705ab7c5,Bianca Dela Cruz,Zamboanga City
e2daace5380d58171c8d71fe2d6023f1,Juan Tan,Caloocan
881ec09e4a10d783c9dcdfc084f69ddb,Juan Chua,Bacoor
437f08497637edd5eca20bd8bf3d8ee9,Nena Hernandez,Valenzuela
5e89798eddc7a4b1acfe6f6bded1898f,Maria Tiu,Taguig
5efec79ea3a7c61f76a11e250bc5f705,Andres Dela Cruz,Antipolo
a817054eff0ba181152c182b9e5d88ad,Mark Sy,Caloocan
b18ffbf29d0e375657ba1cf69edab779,Rafael Yu,Malabon
51ddfa8b8d746131894ca03f1195efd0,Mark Lim,Las Piñas
92e2b94c304d14b40295352ba2a4dd24,Carmen Ong,Antipolo
0199fa66dc193e240ed49443d062c9df,Fe Villanueva,Las Piñas
8ecdbb0d6d36a995c3b7e5314478a104,Nicole Ang,Las Piñas
e838ad82354fc04a3c653ae9b50121aa,Maria Pascual,Zamboanga City
187a4e60f8ae897bb6ec1a84196a46d3,Trisha Hernandez,Taguig
854c95d2cfb17ce16a4316db223f84a2,Elena Gonzales,Zamboanga City
888ee099b02ea4aee3ed1ac38123b024,James Garcia,Zamboanga City
3262bd796db702ee6b07f90d8ab01162,John Dela Cruz,Valenzuela
c65ba08d120181d40904d3b172fff029,Rhea Ramos,Mandaluyong
f4dc01ac089a3d635acdacc3ca752465,Francisco Garcia,Valenzuela
0a7990ba90483a261cb56e8c7bdd233c,Marco Pascual,Marikina
88d4eb96f4b7abc1c80e2cf15a45a67e,Rafael Soriano,Malabon
65ddacfc0181538f027358fa77408a5e,Maria Sy,Bacolod
9126b078d508d1c45444d1cab97806c2,Marco Santiago,Caloocan
8351708d7de93f0ffc3fc1cd79631a28,Fe Salvador,Las Piñas
87e8d92ba116a3c36352217c8f855c61,Gabriel Sy,Cebu City
4295a975bc1126d576949f3d2246fc83,Rafael Soriano,Navotas
20016e7843993b14706da0595458b323,Adrian Dizon,Cagayan de Oro
6fbeda8151e93504820f6d3c3bb382c0,Paolo Lim,Malabon
077dc98d8f4888d23fe4aa794e89f384,Nicole Fernandez,Muntinlupa
bd49af97fd5a73eec346914f3edc4c49,Cristina Pascual,Muntinlupa
2df35cee13a52d63b97197ffe40bcba2,Daniel Ang,Marikina
0abfaeca4b4c57a20d74042db2ded3d6,Rafael Martinez,Davao City
a127d80b25b15ad56732040329cf3466,Jose Garcia,Las Piñas
552114a79ae94cfe7d88e33ab59d8871,Isabel Soriano,Quezon City
ad3d7aee6deccf497094582f83399f25,Francisco Tan,Las Piñas
e50ac6ce7f6bf1bd94ca0be04e67026b,Gabriel Dela Cruz,Zamboanga City
70ddbb6b9415a2603d243b62c30f1968,Czarina Navarro,Makati
5edbcb3c753599603bac327020b11f68,Nena Ang,Marikina
4165f6d8b021eb636f6cc46b539b7279,Czarina Yu,San Juan
9ce8649a5bf947e68d5fa21d1bf27544,Jose Santos,Iloilo City
7f995040fdc66b2a366719def067e476,Mark Dizon,Caloocan
cc5e17350ec1b100b77b5bb08863a7c0,Eduardo Aguilar,Bacolod
c0a33bd3eaf60d771da6546907195b2d,Roberto Ramos,Valenzuela
8c04bcda6890e2fbec3736c367c86268,Corazon Mercado,Taguig
8ac2a6145d2865cef3d3e0e201b9436e,Pedro Bautista,Taguig
77e328e7df009db394350aca6769a532,Nicole Sy,Malabon
51d725b3018b28d06c5d9a4ec908593a,Francisco Ramos,Caloocan
81506554a3d1a356d2cffcf9537b5c15,Francisco Torres,Malabon
73d9d799efda33db43b086b6e5796d11,Andres Co,Zamboanga City
8592a0a2fc817407d6134ea38ff47cc8,Andres Reyes,Caloocan
954d02293a408e000841857a418f129f,Rhea Soriano,Davao City
92628558f231c60acd35443baa53e023,Rhea Chua,Cebu City
1618fb150b8be29abc4bed74e1b2947f,Marco Domingo,Bacoor
ede54e83df99aaf9f835cc59dd914743,Trisha Navarro,Bacolod
88aa5e9ac5ea332f5e1915844565c793,Rhea Co,Navotas
15c087aba568eb39588132c35542be2f,Cristina Fernandez,Antipolo
01415d6e7e95350722b584fb02390325,Mark Reyes,Antipolo
7b9732d5490dd14933f6c2ec3d66f932,Gloria Yu,Quezon City
675c33db05150520e1070d2a87804b63,Ana Martinez,Cagayan de Oro
b2e6d21ca59c27b0632b8b314a52258a,Patricia Bautista,Pasay
ee5e9b211fa795652a467c5bbd13ff5c,Rhea Dela Cruz,Antipolo
851135a7dd8f432f845c99b69f6f062d,Kevin Domingo,Iloilo City
1f08ea92e089a9fa4d3b49abbbd81d42,James Tiu,Antipolo
9d351f6ad6211b67f19b3b5daf4f50d2,Fe Rivera,Quezon City
1c8428743170c0904a4be4bd703212c5,Luz Bautista,Cebu City
ed45db0e4fbb0142ca2b7b8bc4aa4090,Gloria Salvador,Parañaque
063e950b0e8a906db3c184063cf4dabe,Jose Villanueva,Mandaluyong
bdc07177b6b414226334208daba4894c,Paolo Pascual,Zamboanga City
69775d00cf9351e502ddaf35d8d3cc7d,Paolo Torres,Valenzuela
5772904f8edbf82cc73467f0f6659896,Nicole Go,Cebu City
c9e531e716e6a8be608b396948eb6e28,Carmen Sy,Cagayan de Oro
2ef0c7b3dc260a0bc41f30bf33d682a4,Adrian Aquino,Davao City
452813c5da885385a782968b70d5b401,Gabriel Flores,Manila
addbcb3d1211d568a8be6db01b7abe04,Lourdes De Leon,Malabon
004e9474fcaf538cee72f92049bd8c26,Paolo Pascual,Pasig
1974dae5e8e8cb9ed406fa5f1a4f12c5,Jasmine Aguilar,Parañaque
28062f1360a0f6128abde6b6b72b559e,Ana Garcia,Iloilo City
c4bf7182e8bc90759a54843ae6476b9e,Trisha Aquino,Valenzuela
f1d899c3b01161eb4bdd843866f23c86,Lourdes Santiago,Valenzuela
4640aab015ae366000245cf4a3672244,Mark Chua,Iloilo City
02c10c4717398dff460d9ae9c6095e4c,Jasmine Mercado,Taguig
e798ba8738082326bef17e7afb22072a,Kimberly Dizon,Las Piñas
2f5317df469b774316ef2551974f03df,Nicole Aquino,Mandaluyong
eaef6b7e6544a02c9adf70e185abdb38,Maria Mercado,Las Piñas
294e2f285e1e56eb69422f482cf4422c,Trisha Cruz,Iloilo City
3ae2591e5aa5733c69b6174dbdafb225,Andres Villanueva,Quezon City
7b9045cff3b7e51c143634835901ea0f,Kevin Aquino,Makati
b0a13a0b25f0ca06b6ea633ab51a19eb,Pedro Mercado,Iloilo City
b8cdd7bad10efc56ce5fa5bc07f6b7f2,Carlos Ang,Navotas
3c5747ae87a0ec051d5d72b35f82fdc7,Maria Soriano,Antipolo
06ff87cb30f7e5f4ef6af48e600fdae5,Bianca Sy,Malabon
2795c98093e9c4576b5119bf93172a61,Elena Flores,Bacolod
0a66496e9ae9b2606bd53fa3926b48ec,Josephine Ramos,Bacolod
02412564990b9600b4786ee8cfc7900a,Carlos Bautista,Quezon City
a83d600191b41cc4c9f4f2c95239b89f,Czarina Tiu,Pasig
87918c1188712e22bbfc000bf39fcf03,Luz Chua,Parañaque
df490fc03bc51d7d3e42dfa6ae003306,Nena Villanueva,Pasig
a05a3ae7ceffa50effc2924b087fb79a,Daniel Domingo,Quezon City
d92408f9523e4b19827d636c6ec3e2dd,Jasmine Navarro,Muntinlupa
f77a9d3abb13042499b9f356749f0777,Elena Del Rosario,Valenzuela
a5aa6e6018c2876f11f933cb95e7cec8,Lourdes Gonzales,Pasig
1ff88237a3ca9d8ecfc10d1138b6418f,Roberto Del Rosario,Bacolod
ba0554be79af2a4a0b4540604d0bfcc2,Patricia Villanueva,Las Piñas
be05dbd48c0bd6b069cb72ca753e2ac2,Francisco Dela Cruz,Quezon City
92d2c075e601f500bb6f0677f479ac16,Trisha Bautista,Manila
e613b13394f94336b5ba818eee90e177,Maria Santos,Las Piñas
461c52184f7fd36ba3df3a546f473af5,Luz Gonzales,Navotas
b4a3b4b66fac62495e8c198e4ceb9f99,Corazon Lopez,Bacoor
563cbce14f4e201ccb5a0e2c945af477,Carlos Co,Cebu City
ba709d6cecf385e801802808a1eb61b7,Daniel Dela Cruz,Mandaluyong
889c5b511a9b5ab1694d1eddab7c5053,Daniel Ramos,Las Piñas
023b35353ad9e8b46617dfc361ffc24c,Ramon Flores,San Juan
0feb1b77428f5043d6259f38ecb6202e,Andres Tan,Iloilo City
14c5b2cef70d68cb43dc2b0d9513eb38,Carlos Hernandez,Malabon
e4c517a7990c1a71c555df7a57ee046a,Jasmine Bautista,Pasay
71fda35968b46340145b90885d4d5038,James Ramos,Valenzuela
34c5129298bc2459954ec994dfcb16fa,Bianca Mendoza,Davao City
9dc95a4755835521b26d58c0e489c2a7,Cristina Go,Pasay
d354e6ad64b310029f35395935d8cf62,Fe Pascual,San Juan
c2b7c10adacf45ff939badbf7a35cf85,James Martinez,Caloocan
4e4601566e4958bc451bf3912c5aae32,Fe Villanueva,Taguig
93ebb0adbed139535092a344ad6c2265,Eduardo Salvador,Cebu City
876b93848314020f20eaee8e9bf50314,Paolo Yu,Mandaluyong
73d118b91109c3c3047b094e6c8c8c9d,Trisha Garcia,Pasig
4852ee86f2d4addb688fb94ca37533bc,Jasmine Sy,Bacolod
f3b184f854fa21145a326d02e1e132c3,Kimberly Dizon,San Juan
58c7019a81bd0332d93fe63940bad4d6,John Martinez,Iloilo City
7a6b120ce825f1b8476a6f9010b3c2d2,Antonio Gonzales,Caloocan
9ab87df6a046cfd128806c8b239a84cb,Andres Santos,Zamboanga City
40f00faaf06fc12c8560ac1e69c22a41,Miguel Santiago,Pasig
86002131647d5ae1ce3c468a10b18dc0,Angelica Chua,Manila
e4d97dd2d60e5e9c286cd9fae20205d9,John Santiago,Bacolod
0ae3d302db440b43f6cd04fcd3269c6f,Manuel Navarro,Mandaluyong
64a1a6539615e09532cf19f9f0d40e7e,Isabel Domingo,Las Piñas
4651a35482a3776cca977339da3af25c,Rhea Go,Navotas
c296f8985dce3e585439bc030df734ef,Francisco Soriano,Cagayan de Oro
8d6bb79db1481d9ae1f70ea04989984d,Bianca Bautista,Taguig
ea89df09f2397ae51e0306f34dd9e714,Angelica Del Rosario,Pasig
fb2cae6a3d63c58a49140a73f4d9cf55,Mark Garcia,Bacoor
0af389f297d1f34a913eb197fbaadd48,John Tan,Iloilo City
26707fcb2651c76ce656d9086bf42bf6,Carlos Castillo,Muntinlupa
6619848eb8666b9e7fc6732d3cee4e8c,Mark Go,Parañaque
1bfc3038862adb5fe26492f185af61e4,Trisha Torres,Pasay
d0f1062bb2ff9ee54898456e4d26f5f2,Marco Santos,Mandaluyong
4f8b8f68aedc502a54e854bfff4301cf,Pedro Torres,Makati
740685b475921efd47ccad7c19cb3701,Gloria Tiu,Muntinlupa
5473a49d06eb9da769fe758833f24b80,Kimberly Sy,Cagayan de Oro
93b4979a962c8c76a55c4ddd1342c3f9,Kevin Flores,Cebu City
8f4c39a1be812a481e5bda0ad8ed3c5f,Manuel Ramos,Pasig
10d07fe8b50b722f1cc65db91cef6e52,Gloria Navarro,Davao City
125ce8496bfbf6f3676f9e519050f0e0,Rafael Aquino,Valenzuela
abbd712ff62aebb2454ee3fd996d0559,Trisha Aguilar,Mandaluyong
c6ec30f48d160d53fb6c2019fce87519,Andres Ang,Antipolo
37777ec699ae686beece341ee1bcaa1d,Patricia Navarro,Manila
8c17f2a1b6667d849c66f1becd7396a0,Rhea Aquino,Caloocan
863e4e62f8e00d0993bc2f5af185e6e5,Bianca Aguilar,Muntinlupa
cf2c66848c8c0eb36a891e2772ffc39f,Gabriel Domingo,Antipolo
70a442aa4a985dfc2909c3df469d20bd,Trisha Castillo,San Juan
d5f43d4f77fe45b710e8ff4a135f20fe,Roberto Cruz,Caloocan
aef56fa34285efbc55a51991c5c18b5c,Ana Gonzales,Mandaluyong
3795c277c48a82b8da6a62d3bc757fd8,Francisco Salvador,Las Piñas
2edf06e4cfa78f33707373951fac2d3d,Luis Hernandez,Navotas
c7c5bc4df4e913c697ffa236da4988f2,Pedro Aquino,Bacolod
bb5f6da097472bb1c20f4421ef793bf9,Eduardo Lopez,Navotas
09edcc0f81a7ace2547da517eadcc7fb,Kenneth Go,Manila
ba94f32a81e206319b8f43a86f675199,Miguel Hernandez,Caloocan
2e5c74c2807b45687cee15bdf742d5d6,Angelica Mendoza,Iloilo City
6a3185ae6953b91fb84422ca89baee5e,Isabel Mendoza,Marikina
aff836902fb50cf20e90b8f5dab9c63b,Ramon Flores,Zamboanga City
5d65186e348be8a273274087f4027a2a,Angelica Ang,Antipolo
1ca1f83af60bc397d9aa1fde0e0e672b,Eduardo Tiu,Quezon City
441684ed481e9b8cc4ec9d407118f9c2,Trisha Chua,Cagayan de Oro
55536703b45aada9530ba25d21280ee6,Trisha Chua,Cebu City
08ab913fc2f030e704d5bf6c6c852a77,Ana Santiago,San Juan
874e49d14f564236a7a4bfd75f472aa1,Daniel Garcia,Las Piñas
ae35b21ceed52b78488515b314205e94,Mark Soriano,Pasig
55d3b9d1687eecfad5e4dc13215b6b98,Cristina Flores,Muntinlupa
b38a94a05ecb2780a7785611501fac74,Isabel Chua,Cagayan de Oro
c450d363ebb596e40bae7519f44075ca,Teresa Mendoza,Pasay
405e4397e4a384117a9bcd62b61736c9,Pedro Mendoza,Zamboanga City
4d938415513674e9be6d407fc713e338,Nena Flores,Las Piñas
450ddb5b058c58983631bf6f8a80d9ee,Rhea Yu,Zamboanga City
d4916ae026449663dcf1378bbae16a9f,Rosa Aquino,Cebu City
ba2254312b9cedf745fe1db81fc4c132,Luis Fernandez,Iloilo City
3563d03387b347a140ef552439b1ef25,Josephine Martinez,Las Piñas
5dadd20d07f40e9613d17fd9796fce9f,Adrian Tan,Marikina
8535ed7ae7f7eb3a8ed90a7d1a4c5228,Ana Chua,Bacoor
08f794d1f9f45fedf76068c591ae00f5,Maria Aquino,Antipolo
02ad7b36155e252f6be6c6741d15cda3,Pedro Co,Antipolo
59f31bbb94ff1371739c8058d16b4840,Juan Bautista,Davao City
a66afea7fc11fa4e0a02850eff105b38,Mark Lopez,Valenzuela
a0ca936b6f6eb69736cc3f1c2b976948,Jasmine Salvador,Davao City
d1df256039b100474a9210ec74fc8377,Carlos Pascual,San Juan
4800439bfd2fc2aede8253680cca9236,Jasmine Ramos,Bacolod
f0c303331440702db96a49a22be93361,Rafael Villanueva,Bacoor
733f6c342c2ed4fed5555c89512b1891,Sofia Go,Marikina
1a004c1fc0a03470941ca1a0f61c5ccf,Mark Cruz,Parañaque
a200d5cc12bac1dae87456bbb31f3656,Roberto Domingo,Zamboanga City
69f439e557330bd510e39b9283251ac9,Josephine Aquino,Malabon
2aba9eca1785d379de3e3cc29a71bbda,Daniel Chua,Valenzuela
ea92a1081a1164743d3db53fa301a7b7,Francisco Gonzales,Malabon
4db1d72db6bf163cf680fb8e8d1a41b5,Paolo Go,Cagayan de Oro
86acf42dabb81c66bbece5d5a70abf68,Josephine Flores,Taguig
0c3b3c36608dcc9ef4ca5c9055b1e7a6,Fe Cruz,Antipolo
32dadfe2660a3e6d483160b757fba5cf,Rafael Salvador,Cagayan de Oro
44752f0ef4dea2532061df65f885c771,Jasmine Domingo,Bacoor
2866172f373dfdb77ba221d748768fd4,Juan Lopez,Makati
27f49f0763a7ee3aefcec5c16cf73d3a,Kimberly Tiu,Pasay
ec1857b4987d333f32a670bc90de40b3,Miguel Ang,San Juan
9a8cc137a4623efc17b5954f3a700187,John Pascual,Pasay
d1e2abc013e4d02c43dd12e257ec49ce,Jasmine Fernandez,Zamboanga City
ea177f3e8c69eefa122fc80dbbb4b4c5,Cristina Chua,Marikina
8107be85e597bc65634dbc12d0b70845,Isabel Dela Cruz,Makati
92d6e5d097083cd1c6bc1cc84086970c,Francisco Torres,Navotas
9b5a367e4a250460170658bf08b1f694,Gabriel Tan,Cebu City
c883a35f02f342cd4e7c88c47e14d821,Bianca Fernandez,Quezon City
991d0a240f88ea9b6213b20f83cd166d,Cristina Torres,Malabon
6562cb328d3c5060f3f87cddba5ed9e1,Antonio Lim,Pasay
bed938c0ba915feff71c4bac7d508799,Lourdes Dela Cruz,Taguig
ed89819aaa4cb2e9b2fed64d5cede258,Rafael Lim,Navotas
a8b193c0993a49845e287cfe0971da3b,Miguel Navarro,Malabon
22a7b8e26acb75575f9f929bfdacbfde,Gabriel Lim,Davao City
03f1066afbed5e4767f18101f23f87b5,Francisco Lim,Pasig
581fc6d6a93210acc5d56017b61abb22,John Hernandez,Mandaluyong
d19038cbb1db6fc2f4a700d32f558b8c,Nena Castillo,Pasay
1cd4db7dc874ae33c1c22302eca0d591,James Garcia,San Juan
b2c834049faf1ca1bbaab5d65c2ab7d6,Francisco Aquino,Cebu City
24a24e2b302fb97ad12fbb8ce8233696,Rosa Yu,Cagayan de Oro
8de9cb0d8ec10a055f491162d4b1cd7d,Roberto Mercado,Taguig
915220329d56e90ba13c69a2a72fb19d,Pedro Aquino,Zamboanga City
96d4f01abf7d480d13b37fcc819f56a7,Francisco Reyes,Navotas
86436d377d693293028d6cf246c4f65c,Marco Domingo,Valenzuela
dba43c39d8a10393984f505554d261a3,Fe Co,Makati
91bcece213e23ca952e5497a79171a32,Gloria Pascual,Pasay
650add44e552a9eb0dbae91baed402b3,Eduardo Santos,San Juan
56922337a0a9fa4194cc4f3f5566047c,Luz Ramos,Quezon City
33c1d4c3df6b2b51d041f296d1fd3a53,Andres Santiago,San Juan
eeb69ef2a4d99948875d84328dd493a4,Antonio Ang,Davao City
0deef9d77f9155600d42f8944bc360d1,Rafael Domingo,Pasay
b1e2809acef3173ebb9e889e579890e9,Eduardo Aguilar,Parañaque
ffdf9450e85a44d8181f463fbbc8097b,Luz Ramos,San Juan
634964907108576dca466e0aa882adac,Patricia Reyes,Navotas
1acda523d1c00ffb9c67f678c92e0ba2,Rosa Fernandez,Quezon City
62163579d4bf667cd9829ac415fc63e3,Manuel Villanueva,Malabon
8b785fa3aca8405403ed94ff5b54cabb,Andres Rivera,San Juan
46697cba3ec4f4298a94d024c4e149fc,John Garcia,Cagayan de Oro
e4862fc5e7947e9636b84359cf0fe859,Luz Flores,Las Piñas
0c6e768596c453ede79bd4e8029909da,Jose Navarro,Bacolod
8fdab0d8ab568a23f66c9119fff4ad2f,Gloria Aguilar,Manila
41371c06572f0158b690f1f9e1bf9031,Kimberly Sy,Muntinlupa
ee84d2bf359c8c7a0dacbb5d3f7d84ec,Juan Tan,Caloocan
8ed30b144ac0e1454213f1f63dbec4ea,Lourdes Reyes,Manila
bc94f5c7bfe29fa180399959bee48a0b,Cristina Aguilar,Bacolod
41d44716c06e397ac337978fb88501d2,Carlos Aguilar,Taguig
c7d27a5e3e9f51c21da869840252e6b4,Sofia Chua,Navotas
3d5c5aa785134306a3e52df64ebdf7e5,Nena Bautista,Makati
b4b33ca46514671fb5c30ba6847640d8,Antonio Lim,Quezon City
cfe9dcaba742241542ac8731239a4a36,Ana Ang,Parañaque
a57d6c591006e1b2881e4ea9a3061235,Andres De Leon,Marikina
af428df8a87940c7cc8ca1f6d91b0be6,Cristina Lim,Zamboanga City
15b21ef291525770f357f1e1c6502fa6,Eduardo Co,Makati
5ad74d3e23b1c7294c450f2b90ff20b0,Czarina Chua,Malabon
d6bc92e8333ae58c286963a5f36ca57d,Jose Santos,Quezon City
369408060478e9a9b850fe6171bde4c1,Gloria Rivera,Makati
39d49e8d996e8b749691b5b84ff7e36d,Ricardo Tan,Valenzuela
6a16bbb44e7c57b0ae88072c1272a7eb,Ana Aguilar,Quezon City
711babf1470af887ba3df1d9da8f870b,Pedro Del Rosario,Las Piñas
526ed5242492145f83aa7b4b0f1ebff7,Angelica Ong,Parañaque
13eebef8fb63b2dc7d3f8c80db72c908,Elena Gonzales,Pasig
00cf1ace20ef997b922e3cc9ace7b08d,Bianca Co,Davao City
670f09c29aba253c47ab2c845f60f536,Carmen Yu,Iloilo City
94e2265b2f23456cf50b97881ec02661,Carlos Mercado,Bacolod
d5b79ffee8a67f38a6618b88adefb0b9,Trisha Navarro,Iloilo City
1ff0e68e6907d39bcffc71d20ab30c9b,Cristina Tiu,Parañaque
5f6b7f90c862ae8826c7912c4f60baa9,Kenneth Tan,Marikina
443522f2682b62959eafc35838d2cd4c,Daniel Castillo,Muntinlupa
b594345505951dd10905259eca15e957,Daniel Torres,San Juan
be97e44a3e065057fc8a76cccafc345b,Rhea Soriano,Muntinlupa
6f77240f0b0e8b51ade1c3221d4ba624,Luis Del Rosario,Muntinlupa
0f7c1a96c42f008b98dad802aa2b4f98,John Dela Cruz,Makati
f1cb115712d3eeb5e15cb277b2bede8f,Rafael Go,Cagayan de Oro
70e8e340255e766be988701fd3799e88,Fe Mercado,Cagayan de Oro
e725da70d1f4ea49c002362d0d701bf0,Rhea Tiu,Malabon
4afb5593103cee5eb89cb36122821965,Luz Salvador,Davao City
1bc94082903927524044d06d799763ed,John Del Rosario,Iloilo City
199be3afc4c65c8b494f4cb2addab2d0,Andres Mendoza,Marikina
1726a6442cc6232b49a9dbe814095377,Kimberly Bautista,Cebu City
e72866b9610142ef12cdb438b0f2af3f,Cristina Co,Pasig
a0f77c56d14b87a02824561de00ca438,Miguel Fernandez,Malabon
89ad6ab92af36460802601800914c8c7,Jose Garcia,Muntinlupa
2296d60a7faeb0b3bf2716f2f86a68fa,Rhea Bautista,Pasay
72f5ec898bd5f6edff65fc5354dd2582,Kevin Tiu,Davao City
99653faee4b6b2501fe073cb656701a0,Juan Ong,Bacolod
b8a5d645a188258589c8633a9ed9678f,Mark Yu,Antipolo
d30a9cfe13f179c6bf3e1b3622ef885d,Adrian Tan,Manila
4b15794662dbc894a0d6f9f9471c2203,Daniel Dela Cruz,Manila
890473084fdbfebb3898d600ff5315cc,Ana Ramos,Las Piñas
4ac1f4b1e6aebf893292df2e1df03152,Carlos Co,San Juan
7b8ec8004485048e458ea7f28ee70856,Ramon Soriano,Cagayan de Oro
84c669eaf56e3ef64e0d3122b0adfafd,Bianca De Leon,Bacolod
e3a7e8f1b7cf48721d0b3a2be083f0b4,Francisco Tan,Malabon
19d5e574f0b4d56240b556babaf4ec41,Patricia Santos,Parañaque
42ce2fe60ba23e61ab63b1bae085d065,Adrian Navarro,Malabon
f382f16e0a13b5ac10db15c5e7fc2ead,Rhea De Leon,Muntinlupa
8f0d31f5563c96ed9b891bb077761f12,Juan De Leon,Antipolo
b5d82edc77cea918b26d517ac4fe6226,Maria Mendoza,Antipolo
ac3171668959279ab5e10393c45a41b8,Bianca Aquino,San Juan
4fbcdee3d565b972966328e9552ec60e,Luis Soriano,Marikina
2e1ee927bc599d9387dd17d77f38ef10,Kevin Villanueva,Davao City
ee0be48a3ac4ab7b6dadf4207c1a1b8d,Ramon Fernandez,Caloocan
2f02c8be9f9388614e048f4a3803084e,Rhea Fernandez,Taguig
66355f7c323ab3e0020b3d8c708aa173,Sofia Pascual,Bacolod
8c0b0cf54a420cd43b3850de637c535f,Isabel Domingo,Cebu City
c2e9ae6579875dd5cd5d8549e664153a,Ramon Martinez,Quezon City
bb2cfc0a7211b903bd454bbbb2dc3a19,Antonio Pascual,Cagayan de Oro
d51d09e0eb32ec3a9d8c6eaec9e70c20,Luis Chua,Parañaque
7e40d903c2f5d46a312bd860e4339fbb,Jose Dela Cruz,Bacoor
bca2dc680cd9edf73ce3d1f0d827e825,Ramon Mercado,Manila
c7b4bf7da35a1e363e12f7a3d5acd721,Kimberly Ong,Antipolo
76a0b45b0d60c53e593266a299419f62,James Cruz,Taguig
152ccb32a9ee9112b9b3cea023da2a3c,Antonio Bautista,Makati
f8c7101ea268b79065e33d8d3f0390a6,Ana Go,Cebu City
35c29dd7d138f9f2d1697e10835db897,Ramon Torres,Bacoor
19232ff8a81259917b069cdab861a6a1,Cristina Bautista,Quezon City
15812c9b015820c499ca64e056feb807,Daniel Aquino,San Juan
748d60bc0b67319594b3d31775697311,Kenneth Domingo,Bacoor
18e4c0161dbc85db11a31ca2a164f390,Patricia Domingo,Cagayan de Oro
3becc1ec1df233849769209bfe298eb7,Ricardo Pascual,Zamboanga City
6722e0cf78454c99bc205f5b332fa9bb,Francisco Mercado,Quezon City
5f3bea9349291034eb8bcb85e31ce5f4,Cristina Hernandez,Antipolo
c61a18773308327d36a501be51f28b4b,Gloria Ang,Bacolod
089ea2accef1ebedf6bb3f0a20f23c9f,Carlos Santiago,Quezon City
6fceadaa88ea77676586a7399d2eebd2,Rafael Mercado,Muntinlupa
3d50638ceaa4c984cb38d2e3dac1f821,Sofia Salvador,San Juan
f9337bd46b83eed4539ffc60a6a28b91,Patricia Domingo,Antipolo
8900228c5b02e0793e64be33f4c5f5af,Fe Ong,Malabon
e13bfc8a0e181a4d9d7fffa6a35a7b87,Luz Aguilar,Taguig
d98a1486913133b9629cb8c34ee9be55,Francisco Flores,Quezon City
d1c53e067042d5712ef5f244d980687d,Carmen Hernandez,Davao City
47ccbd599293f431e496ecb00b71541f,Kevin Torres,Pasay
55bfd88b7b4a2c7307e763f5aca3ea3a,Kenneth Aguilar,Las Piñas
98f1a17729bb1638a4d8ec64ee81c14e,Rhea Del Rosario,Antipolo
65ada20512aa97f5f6e47bc360cd1cc1,Patricia Aquino,Bacolod
113b1512ccf749f2e26591c76647d9c6,Adrian Sy,Navotas
512e120e432917975bc315b568d100cd,Daniel Martinez,Mandaluyong
a2d1d96576bde4e9ecc248aa1059dbb7,Kenneth Fernandez,Navotas
53afd5244aa64aee767d99eeb4c597a3,Mark Yu,Bacoor
1fb330d526f5c2927817a6944dadd808,Corazon Lopez,Cagayan de Oro
df6d5bc9929fa8b0d7047a950d2cd5ae,John Domingo,Mandaluyong
b6b460de153f3f3796793d930ea6e616,Luis Rivera,Antipolo
016120a274880c3f34313a5942dccd6f,Isabel Go,Las Piñas
3c8a367c0b253fce2ebcdf68c19a4ac6,Francisco Dizon,Davao City
595902ccd83dfd804eba18a6360ceaa2,Kevin Castillo,Cagayan de Oro
19a8d63e4141e51bb3438ee7c9bd91f3,Eduardo Mercado,Pasay
aacbbf4a753abc11ebedcb371fe54760,Teresa Lopez,Antipolo
c0e496b9f490acc37728baacb42ee9b7,Carlos Pascual,Parañaque
3878bbef0d52ccc81ba8e7a4bf1efd7f,Juan Sy,Las Piñas
f141fb91cf0a4b42a2a3757fc2b1a317,Rhea Del Rosario,Caloocan
59e68d18f67f7043f34ec0796b76984c,Gabriel Soriano,Quezon City
43df32a06b27c1fdb282de7e8a9c9a67,Sofia Soriano,Malabon
4a4a9d0dcb57ed1807c8a584852066ec,Isabel Hernandez,Navotas
6d0e9c6ea4df84a3eb5da57ef6c85d4d,Gabriel Rivera,Bacolod
52ad8a55baf61a295f88b5ca5352806f,Adrian Pascual,Pasig
4ae0eb13932f30ffa097ebcb0d743f0c,Marco Ang,Iloilo City
26541a79142eb782bc9c1f8edbc20967,Gloria De Leon,Cagayan de Oro
8b25939ff04fed39af54f963b5e49982,Nicole Dizon,Parañaque
2348e45025fce09ea939d37b7037f673,Kimberly Domingo,Malabon
3300f1873c3d8a65260fb913e21e7f96,Elena Rivera,Valenzuela
0068dcc17e408d64e21c4f479ca7886b,Ramon Aguilar,Quezon City
c1a5467786de884fea855aa670714092,Luis Del Rosario,Marikina
8c5d8764cbef8ce0ef2a9c944cfc7e2c,Trisha Torres,Iloilo City
9110302a16124470629b3652473d7fb0,Sofia Domingo,Cagayan de Oro
2fb2c05e7e94e66b0b9790bc05fb256c,Roberto Go,Muntinlupa
6443e9decea68f3d82bde7a636c20639,Ricardo Co,Pasay
82067798d1afd5b1ceac4d7feb8b6d01,Ramon Villanueva,Mandaluyong
e9f790720a077cbc937404658e098cfd,Luz Del Rosario,Zamboanga City
e9e1df6e8f753980cbfb170f70aee55d,James Torres,Parañaque
72f02ae96852e733357c31eaf53330a6,Cristina Torres,Parañaque
154d97015a2cd77e9417448a658f1818,Gloria De Leon,Davao City
876ecf579ba5283075126dfa1f74f482,Jasmine Co,Las Piñas
329c47e7acb70b1e0b3193709afc19e6,Pedro Domingo,Muntinlupa
9a2fd2ac089e3558810e4609a659ced6,Patricia Go,Pasig
c1cbcfeecf2d1a4489dfdc361fc2d68d,Czarina Ramos,Malabon
7ceecb26997def6cf39c6dd1a6c22e54,James Ang,Valenzuela
8b2fbc29fed178e1038bc05d4027e853,Roberto Ramos,Antipolo
dd33667f0253ee3ccb2dd05e9fd776c3,Eduardo Yu,Antipolo
2bff6f396ed42125a4261b1240665d5a,Ana Domingo,Las Piñas
0555b3ae067a4b07e5b5ee9519fc1a31,Czarina Villanueva,Zamboanga City
d3a898f7f183aedb92c5b8486699e0fc,Marco Tan,Davao City
b4fbd821c82f250e22a81d1ac69bcd49,Roberto Domingo,San Juan
34b55457181587bd892498fb031bfed6,Angelica Yu,Quezon City
0ddbe2a915b76828be4a317483c60ccb,Bianca Villanueva,Malabon
d420a5eac755626f5c6699c8b3f5a187,Gloria Ong,Parañaque
dda3c6a3173769ee53df8857c408d900,Isabel Lopez,Parañaque
bbd585db3579c9657a17bb7a6b174508,Fe Reyes,Malabon
9bf0b4428af81c9ec0f9a4af91f58459,Bianca Navarro,Pasay
20dfe2c08b87e96915a85f3af367cf04,Fe Aquino,Davao City
acb5a89458d8bd0688cccac044d9c7e6,Luz Ramos,Muntinlupa
34e7d258c6759b26ecaef3c0772d8565,Daniel Dizon,Antipolo
fd265555cc3538db31acb2e61ab319d4,Francisco Salvador,Caloocan
8edd9a199a2de52ff3642b6a584a9573,Jose Fernandez,Taguig
f50656443e4b47f5b18419b914c7e7d4,Kimberly Torres,Mandaluyong
7c4f46067385fb8cb9ce2a28da2ffda1,Juan Mercado,Iloilo City
ab47815fa661c9124dde5be688a26916,Manuel Domingo,Makati
5da9c504bc82d863b91b3eb088d2347c,Carmen Garcia,San Juan
9128ffce52230e8693bbb6c104f98865,Fe Co,Marikina
943f62ba94dbfa96a6b92c222f8dc609,Luis Flores,Makati
3788dbc7f9f031cda6e6baead39e49da,Daniel Co,Malabon
8cefdfb473248216acdec21fd5dc2272,Lourdes Santos,Bacolod
3a4182f8404d3bdb32b91822f0fffbc2,Marco Aguilar,Taguig
d8c55811d6cfd6b9414e2a583fb3444b,Josephine Tan,Quezon City
00c36fd152c429292ff1f37e18b1a9c7,Maria Mendoza,Caloocan
3f3459ecac80350f1e79995c7a986a8c,Luis Bautista,Muntinlupa
0c4bee0c8bdac113450dea9d1ddc8770,Nicole Reyes,Cagayan de Oro
6bb2a0ff9fb4a777ca4ff5dc89eb8a79,Adrian Sy,Bacoor
7962e33a3fc10614fe3f29ce46d765de,Jose Garcia,Bacoor
6542ec899641c41e6d8b6e0e65b4efb1,Rhea Co,Quezon City
1d86b5948153262309d8766e5317dd03,Andres Sy,Makati
45bd01fba15a5904bc960af7c3986f93,Andres Chua,Taguig
f3e72987d55885c0d38ab48ba95e22d0,Andres Santos,Navotas
dfefd71aa44a5f5bb27db35a63c2ab0e,Mark Garcia,Bacolod
d21c177846b57a46f26bd516fde401c4,Manuel Ong,Cagayan de Oro
6ed89a25f3cca129caff03cf863680d4,Francisco Lopez,Malabon
d19f5299d3bff6a0ebded1d9edb0a8b6,Czarina Dizon,Taguig
df193b7cd8d739d13055278e3533ae85,Rafael Santos,Valenzuela
d01a4c7d34bbbe5c580a69fcb3991a6b,Carlos Villanueva,Taguig
8871c54e15da6a40efadd2065886ba71,John Castillo,Mandaluyong
70c41935905b0629336bf4ef06cdafe0,Paolo Reyes,Las Piñas
4e4ef3984eeeaa1ff1a52871d9c34c3a,Jasmine Hernandez,Manila
15e6a13de9e43e63af7cff64b92fefa2,Andres Dela Cruz,Taguig
58ef1fa7393614e9c937623b6ac6f6a2,Ana Cruz,Taguig
ff6fb78bb611d966733251b61ac74754,Luis Co,Bacolod
16f92bcdfb1df6572c953f86eede7ed2,Juan Mendoza,Cebu City
8660d837931098a6643eed62e7712972,Bianca Tan,Bacolod
b28f6c197741aadb0ff13380998f05e3,Rhea Cruz,Valenzuela
c7cfb7b24b8262f4a83fbded385fe711,Sofia Tiu,Antipolo
0bb25b420141d145b14d5b7bf693edd0,Carlos Torres,Zamboanga City
aa2ccdfb7deaba77f80a367eb57d38e6,Rafael Bautista,Bacoor
fd2839f3dfe02a91571c54a611e93286,Lourdes Ang,Zamboanga City
6ae30270aeca4a2075152d6932906b83,Rafael Tan,Taguig
4d75a671a95a9b99ede6228d33389c50,Mark Reyes,Muntinlupa
f8f9d9f650b44476d9244831f41ab66c,Nena Chua,Antipolo
90a91818eafdc4e6d48ae567f06a563b,Fe Lopez,Malabon
387a9f173d1f4627296e9c3705c65607,Patricia Santos,Mandaluyong
71c2028214eb40ed023d7b7380a97bf6,Francisco Soriano,Las Piñas
db08af045303407594c6d94f0807cd57,Fe Flores,Muntinlupa
af25587fe1d6482665d3de4cee9349ab,Ramon Dizon,San Juan
47c11a1fd32ce9c166da63d366e61405,Bianca Mercado,Malabon
08abf5f8d9a69d0049550ff6ac387a47,Rhea Co,Iloilo City
8a0c9824579dbd3c939f9825d5fdd332,Adrian Chua,Marikina
d21d6b7376c3ba8ef8f5cf7e9ab1a857,Isabel Flores,Las Piñas
fd2835afea01bb67ab14c787b1e4a0ba,Isabel Ang,Caloocan
6edb365afce46e29a3aac082366158e1,Carlos Pascual,Marikina
0c0e4395650e0f7f9a7211df760add32,Manuel Ong,Pasay
9c012a9d65f5db70c506b05c07c09097,Corazon Dela Cruz,Valenzuela
ad33128d0605ee817579184c64604a02,Gloria Tan,San Juan
06b31e48b7251b4c814215f30815c5c8,Antonio Salvador,Cebu City
7ac0a9bc3da581e232202668a63bebd3,Teresa Tan,Bacolod
623c17c8e46872c9597861933b183547,Andres Soriano,Valenzuela
959b86f7b2db63691b18b960079a5bb4,Carlos Soriano,Mandaluyong
e9d8ad1fa1d5f7fc258cb8fd7b3ab84a,Maria Ang,Taguig
843f02a0b6e3bcc189b37be37ecc6bba,Roberto Garcia,Marikina
7f787f18ca6c933f568a4d58355ef5b0,Miguel Castillo,Mandaluyong
d2c6ef08e01f998d7f980865a17e1f0a,Ramon Dizon,Parañaque
88d4671a68683d42b3b6d98310c9a4ec,Kenneth Castillo,Quezon City
d429cc28f31301019f9072cdf870b0c1,Kevin Castillo,Navotas
73e57ce34aacfd57e2de89766972cc87,Bianca Salvador,Antipolo
27d5e9ea2448f79696728fe8340fd220,Trisha Castillo,Bacolod
4938fc5542c61a36d05406f929e1ea05,Trisha Sy,Davao City
29b14a6e5b8349c88c39a592930deafe,Paolo Ong,Manila
ba45f06026273c1faa4cd6e6ecbd27df,Miguel Reyes,Caloocan
b0026c0dc0b42d878b7902332b62410f,Isabel Castillo,Malabon
75d34d51a3095fc7b9c5285472dffc24,Elena Santos,Navotas
cce47828e9c860ca8a583384d410c62b,Sofia Dela Cruz,Navotas
5d0fc43bba38aa9ff51a758dd63e19a9,Luz Rivera,Bacolod
10c88edd8322bf4437b582d2d566a848,Rhea Garcia,Parañaque
9fde8fe86a1f10466bf1b4538fdc4687,Bianca Fernandez,Las Piñas
e9a8db1ce4350312166834f72bc78c24,Isabel Yu,Davao City
7b80fa8848a75d5e3d7020a59ea3a914,Ana De Leon,Taguig
ef79bc713e4aebe258453d73ed6e17b1,Adrian Reyes,Mandaluyong
490b4a6279ceea164f67bbd7182aedd7,Eduardo Lopez,Antipolo
07133d7fc9374eac84337693832b0c19,Pedro Santos,Muntinlupa
4af1d3a2e40a378f6e85318e7553910b,Cristina Ramos,Navotas
193c460d390306e34a0af3bd61017bc0,Adrian Dela Cruz,Antipolo
e375f074266fe89566cd6f298dcca029,Eduardo Go,Valenzuela
cd5230e60d590b366b9549ce669b7587,Carmen Ramos,Malabon
d34c868c781def799538eaa5c8ea60d7,Eduardo Hernandez,Iloilo City
07a25776371243454c33cf296bab978c,Cristina Chua,Cagayan de Oro
374bfde566c57139dc66a1087e20a99d,Manuel Go,Mandaluyong
3902da435f084dcd0b1393d57e3a288e,Elena Castillo,Caloocan
0bf16d7a0d023182d6c7af982f577385,Adrian Santiago,Valenzuela
b75d9550aad0052adcead4f0d899675d,James Hernandez,Bacolod
6757acfe134225f69b03a030b1ce16b2,John Mendoza,Iloilo City
b68313e1c35dd6c131f66db408656809,Manuel Gonzales,Bacolod
882cfbf9373f2891b9f93ce6a6742a83,Ricardo Ong,Valenzuela
e66693515e1dfd590636b6467d7916db,Carmen Mendoza,San Juan
fbd32ea435d1edee38a4e0a82f334e25,James Martinez,Pasig
fd5aeaab1eadfbfc3d7970b8dc6114b9,Andres Ang,Bacolod
f5e8b7cc70a02c19d7a6157777532b89,Ana Rivera,Marikina
633cce5ca7eec3e7e125c862266127b5,Ana Santiago,Pasig
e3a81332644731c95d820367e89b0ba8,Isabel Santiago,Davao City
5465a93c4618623309b7cca13da7e529,Kenneth Aguilar,Bacolod
51de84195bf25fa79324d2454cb31d2b,Bianca Sy,Malabon
cf716ac77f10970f2fdb554005bf52b1,James Reyes,Valenzuela
c8c3491a90147233a823430e6f220ba5,Rafael Reyes,Pasig
bc5a242ab20c0348782126d1c6d4550d,Luz Santos,Malabon
b59a5592df7ce6327bfbab177d43ac91,Adrian Soriano,Iloilo City
3d4a001ff2b1da573127c7d6e3a3e2f7,Sofia Villanueva,Quezon City
b2c69bc1d8c18e38fd240c02ea00af9f,Mark Flores,Pasay
229456ed2a2634ff7336cc4273d3588b,Maria Garcia,Quezon City
7a72f25901bf1c34ea070adbd3c09cdb,James Ang,Makati
ccdba6722cea33da1731e5436c7cfd30,Trisha De Leon,Cagayan de Oro
c4ae85aefc939e04c517f8ad23d9988a,Luis Lim,Quezon City
be0f47003e1c433d058a18c099359d8f,Andres Reyes,Manila
fe02d8c275138529eb5463cc7e14cd08,Trisha Gonzales,Parañaque
1df8283f447b0a139a89d642adecbbb6,Paolo Tan,Davao City
7999e3166e4521a5897764a676ca8ec1,Nicole Ang,Iloilo City
39b7f8355706e1d4e4d859b161fe17df,Rosa Chua,Antipolo
800b967b87aca90823e70601af6db3b9,Gloria Cruz,Makati
be93a74f6db1b03254870e6899c8a1c7,Patricia Castillo,Zamboanga City
c8ef2f4d472a7c7496e484672b5cb131,Kenneth Aguilar,Davao City
2d36476c1f5a0925c3e3557c19c2d0a7,Luis Santiago,Manila
7017473ba47ebd32189720f60e09a2e0,Czarina Lim,Taguig
4aba5aa2be99040e28415d0c1812a248,Ana Lopez,Pasay
78512f2d9af6821cb238cf9765a0a5d3,Ricardo Rivera,San Juan
f7312dbbaa7422c9e5987b1801f3fb22,Sofia Torres,Marikina
fa3ba84bc7bbab263707896586955316,Kevin Cruz,Quezon City
fc59f58354cf0dc3eb03bcda934b193b,Paolo Dizon,Bacoor
a771ade00ee83a93e5606582c5050356,Daniel Rivera,Iloilo City
ec1cdcbdcf904f1d3606fa14c125d74a,Mark Cruz,Cagayan de Oro
2b7093a3ca6ad0774a638499784683d2,Angelica Aquino,Bacoor
4061cbbd751ab1ce6686182c534f0f81,Czarina Garcia,Valenzuela
97c5ee365207df3e34f1510cb8b92b1a,Jose Torres,Cagayan de Oro
6798a8f4efa9a49509bab292908ca45d,Rhea Garcia,Valenzuela
7b6f78ba1f8538c9f692309093df2fda,Kimberly Lopez,Manila
f86a008936207397ab94a1e8e4e5697a,Pedro Tiu,Manila
0bd18a4b1eadc11df7f8b466786ded84,Miguel Martinez,Malabon
a0170799bb154536e02135de64e8ef8f,Ramon Co,Malabon
df9f5afda97002a9e05bae6f257a5521,Carlos Flores,Parañaque
508c219d56a77bcdc9f44c8f893b43d3,Maria Garcia,Manila
ba5cfdc591fda52781799317591d4ab0,Jasmine Tiu,Manila
38d1f6ba971533bd2b51cb2f47dcb3eb,Mark Ang,Pasay
5d876ae9b6e2f804ad40fd0300857888,Patricia Tiu,Bacolod
e94fb08c677e97c3796e2aa23c258b24,Kimberly Reyes,Caloocan
c20954d8cdc970116b86dbecaef8814a,Luis Martinez,Malabon
a0b2057e477c4f8df111f643d6b28811,Antonio Garcia,Las Piñas
850c3dfdc4d5afece12cc365f72d7648,Eduardo Tan,Manila
c29d745ce3a6c3f9941b051671077b99,Elena Dela Cruz,Pasay
8402bac25180ad35c631fd034b8fe03b,John Lopez,Zamboanga City
1c57f86f0a1efdeae30e6fd2f80de144,Cristina Domingo,Cagayan de Oro
1972f2cde108eac4e1581c7f225fb3f5,Trisha Santos,Parañaque
9173c000ff1b8df86c761a740122e867,Francisco Torres,Pasig
555a3455ebd11bd1d539b2a28b239eb0,Marco Reyes,Cebu City
0db5fd7d07b3826f70a4da93f5290a41,Adrian Martinez,Cebu City
cbf601faa9bfa8710272cc81681273f9,Luz Gonzales,Pasay
ca24c4359166cd6e846f560deb2d0f7a,James Garcia,Davao City
846201d0d2c42e1fdfc49cee4580da67,Fe Mendoza,Antipolo
ebe5d0996c6d4094f1006078f44c908a,Trisha Torres,Taguig
05669f711d0cfe50fa651b577eef9e10,Kenneth Flores,Bacoor
a4fd68441b2f6ed64c290484a2326df5,Francisco Reyes,Pasay
55370c238de04ad64e732f68f0e508c3,Jasmine Hernandez,Caloocan
acffa7878fe9dbf0aa95c0d63459200e,John Ong,Marikina
8afe64237b7030b83a123504c3e19d1f,Nicole Yu,Caloocan
16bcc7df4b7d8b69d06e2d833e483eee,Fe Bautista,Muntinlupa
a3b1b40a10e461d30e6c62679b79f8f5,Rhea Castillo,Makati
6f7898bd3db9ca60dac5eba355eb2b76,Isabel Tiu,Marikina
866281f7fccdbf88f907d4ea7e82b991,James Lopez,Muntinlupa
1d39fefc76a5b2b4b431d4460819cf16,Ana Tan,San Juan
be17d9715b375ceef7c1153bb9e29842,Luz Garcia,Navotas
f5ba258c048fb5dd2665c6be87a75a05,Angelica Ong,Antipolo
e9b87849ad995f0a188b076e93ccf948,James Pascual,Zamboanga City
405a5f85c4f831ba6285ebd2a42cd1f8,Gloria Gonzales,Antipolo
0cc0987846e604897fad0320cbbf2d02,Antonio Go,Las Piñas
a07c8c37d7ecfee6b3002db5f5c15b4f,Pedro Salvador,Cagayan de Oro
2e4024b984f9758cd1b239a4b6e8ce2d,Ramon Go,Makati
ff2b7eda0f924421dd3fc235eb5141a4,Carlos Lim,Iloilo City
88ede794f5a172bc87cdfeb76709d8b1,Gloria Tan,Iloilo City
c70eeb9e2e431fa5d30fd762e93ffbc0,Eduardo Ramos,Quezon City
69b6f9a8c58b8f9ce33e20238139e16e,Carmen Del Rosario,Makati
bafa3af7e4dd7acbfdd98cde087e0c2c,Maria Torres,Muntinlupa
6668c5c9c3fdf0542bbadf4df1d80c1d,Bianca Salvador,Muntinlupa
e12742a165c1c06916ea45f295b21f8e,Gabriel Aquino,Muntinlupa
e86c9f64ef23ba5e84ebd6ca5f0139f6,Adrian Garcia,Malabon
1830f6537ec14ce988074e44365109e6,Isabel Go,Valenzuela
5710a8e829dacb442e4bbc5c6a57498a,Gabriel Del Rosario,Quezon City
85406f454d7f39be6d7461457b05b7e4,Jose Rivera,Iloilo City
9b10600bf28038d5a7f277689dec3388,Manuel Fernandez,Manila
d3c0dcd4b784c1971930d4eeb6aaeca6,Ana Cruz,Zamboanga City
14c292786c32b3a68888407a81f93797,John Santiago,Pasig
895990693c2bd7e96911581a1db568aa,Ramon Domingo,Makati
c6eedd035956e244999075db22ccc14f,Ana Fernandez,Valenzuela
4e2b7c0af956ec98f11f947394eb20fe,Jasmine Navarro,Parañaque
0519ef1c20374ffa15d790e913e56bd2,Marco Aquino,Iloilo City
90c8a284b8ecaf4358502716c1c0f879,Sofia Flores,Mandaluyong
08c7dceb24cc4f7176489df23a6d19b2,Rhea Gonzales,Navotas
300cf4f775f15356f467f0f05b484285,Juan Ong,Cebu City
c61fe6f7c6e4f4540005b12c77acd99e,Josephine Pascual,Pasay
5249ef672544138eff911c321c22a96a,Luz Ong,Quezon City
4f2c5f530babdf79c5a8d3a9277a25c4,Nicole Navarro,Antipolo
2ad51df5da90d5fd5d959fa14fff1b60,Ana Flores,Taguig
20226b1cd4f79b40ffa1fdb119c3b831,Rosa Co,Zamboanga City
215d87d395e6daf06ea5e722a7622f40,Andres Co,Navotas
c81fa54c58201bbd699277a9c4e303e2,Isabel Ong,Valenzuela
26e50ae6b89a487c09df6ba9d565b1c4,James Ramos,Caloocan
5e2cc31a609d122bbd4a75a27ccb8837,Jose Pascual,Quezon City
0b969a802fea9cbe388a11f45c825c33,Kimberly Flores,Makati
022bd42d77948777b49e14870897a25d,Juan Aquino,Cagayan de Oro
47b14586c5b6bf204a4ef52ca8f74649,Paolo Aguilar,Caloocan
518429b22de993adf67918b9601c2855,Trisha Ong,Malabon
7eba2d5d1f81345ea629b6ffe8626685,Luz Salvador,Navotas
579c3124bd2df4d3d62bb9070eb6a5e3,Ana Dela Cruz,Cagayan de Oro
3c1572554416992b5330841593738395,James Salvador,Quezon City
6edfeb901734b59212dc9a055836b993,Rosa Flores,Pasig
65f030214956a24d5b132f52c1479503,John Ong,Mandaluyong
5a2206787b39602be42967ea145772fb,Jose Fernandez,Manila
b045a6855a230078b727fa9279817d72,Sofia Aguilar,Taguig
fd373ae45be109a81669b9ace7361dbc,Francisco Sy,Navotas
ae02950b29f808d96280b97f904de514,Ricardo Flores,Davao City
2cb5bbf5d64ff1545a48efa242367960,Rhea Lopez,Zamboanga City
d887af5c15b11c9ea829b9e3a0ea2746,Elena Bautista,Muntinlupa
ed415586462205080b2ad3eb521104c4,Angelica Yu,Makati
f4e6dba896e902719619610fc3fb3b0a,Jasmine Garcia,Las Piñas
a1b7f5db22e2bc54ee063e8a409a790c,Teresa Lopez,Pasig
3020ac886678ac99b7d6676d1a7eb8bc,Ramon Dela Cruz,Navotas
4113f26ee5def96838752f5cfd935408,Daniel Gonzales,Antipolo
2d5ab64bd070a9c76b93e46cc07ed1b6,Fe Rivera,Navotas
94c1c0bbdcedc9ab05fdea561a1cec98,Ana Cruz,Muntinlupa
228803a0ee956d9d5829e9c335eba076,Ana Reyes,Cagayan de Oro
740ac1f7a3278011c307aad5c30050f7,Angelica Rivera,Malabon
084f468f86b6288e8d00f7df02324739,Corazon Chua,Mandaluyong
f800933d1829b9a68f3816d4282cf5e4,Nicole Martinez,Muntinlupa
a1c4249fbccd763efd3aef1527325cfd,Rafael Salvador,Bacolod
133f7b94f8ea457d8d1de0431e1237a5,Czarina Mendoza,Davao City
6e7be912ad34ff5f2c9823c9b4c6efc1,Manuel Cruz,Zamboanga City
9d9883aa9a5fb453e1cd98d67fae9e8b,Paolo Domingo,Bacolod
e8cbb3c54fc5ed8984bceaf3075f763a,Roberto Salvador,Makati
1655b5b5530293e2478efb19e1f2f1df,Gloria Salvador,Pasay
48602473834b7682edba1f95f779088f,Kenneth Navarro,Bacolod
fc3eddcfd7a6c915b4d82c3c79b4f2d6,Isabel Hernandez,Marikina
7f25a150272e8dda268ac4efad04fd1e,Nicole Pascual,Quezon City
680e33542429e049a5038af2c0e73bdc,Andres Gonzales,Cebu City
eea6a9396fb8135b4fee7000ce3b65ee,Adrian Chua,Parañaque
b7c3de5c13f4596e0ad8ea08acdabf4a,Carmen Santos,Antipolo
a3b39205df8b11609f08adecab5141cc,Roberto Cruz,Makati
8ab38c24a25d7fbe6850b8891e7ae239,Pedro Domingo,Mandaluyong
174d3f179df991069fb121b8d9ed5cd3,Cristina Mendoza,Bacoor
dd829189bdd8723f4311b49643a8ed79,Jasmine Pascual,Bacoor
924e5fc65cddaed6183e7381451f8bda,Josephine Castillo,Bacoor
11d8df1d568e312622fd74c86e84cce9,Marco Ong,Muntinlupa
741ee1fae6e04ad40a337c27021d8bf1,Bianca Villanueva,Mandaluyong
54ea28f0b73fdd3439a5eb699700e3b2,Kenneth Flores,Manila
cb1c15e5693c9d77588968ae45631ae5,Kimberly Santiago,Iloilo City
b3e99d94594909ee6e6f1b68f4a271f2,Daniel Soriano,Caloocan
794a27d0114f5d46496f6d9251f5b46c,Ricardo Dela Cruz,San Juan
4d99a96b2787bf71e22a3ae22b91a3d5,Cristina Garcia,Valenzuela
30d7eddfe38d7137c6c9370263bc9540,Adrian Garcia,Antipolo
9584396b40abe667524f42e0d91c47f0,Manuel Ramos,Marikina
b6b93d9e943357e76d9b7bfb2af98f7c,Bianca Tiu,Malabon
d0b44c8eb967aea39421df32edd364dd,Jose Mendoza,Muntinlupa
47e0c8b3ddde44391af4802049e7ba5b,Francisco Garcia,Parañaque
4dfdd0dfba8740c4fa5e1465d24104f2,Fe Tiu,Pasig
860745e0362ba06c20c215bc52e1f20a,Kimberly Garcia,Cagayan de Oro
aa8930c146c5079d585ebc8733ef723c,Carlos Mendoza,Navotas
6db3dc6206aafdd1b10c10fe220cfc04,Ricardo Ang,Cagayan de Oro
e0008fc52818948def97574896ab14d2,Jose Domingo,Muntinlupa
5ac9b5b182aa39f605d5aa5740442daa,Daniel Garcia,Makati
cc3a4e5e57a38f3bdb2ac1632531178e,Rhea Co,Bacoor
ab1e4a150781be4d76b9e1537617d1ae,Angelica Fernandez,Las Piñas
b630a0bb496286fabcc27f5f3cd60b59,Pedro Mercado,Antipolo
4bf869d3585ec60d546ecbcd7e74dfe1,Cristina Go,Zamboanga City
8c8344b71ead943bba75f62876e0e862,Kenneth Co,Makati
0afb657bd180f6b938563614f8a32279,Gloria Navarro,Makati
d223ce9cb9ef22516bf3a921003b8bca,Pedro Domingo,Caloocan
b81f3aad63ef7d8c0a3f4dea93852c4e,Carmen Garcia,Davao City
65fcb2ace9e469086f5b210a56b39526,Patricia Dizon,Muntinlupa
ae799d2a7561b353d86ca6d19f6bcf3f,Angelica De Leon,Zamboanga City
a45c6d77c52c5c5aef40ab3a9cde4a1f,Sofia Aquino,Iloilo City
2e7f39a2464078e85f5595ad1fdcaebf,Gloria Soriano,Davao City
e125feee520f9334eb674d0317c4c946,Carmen Aguilar,Bacolod
3f1062171d803c6ea8d41cb661a535a5,Angelica Del Rosario,Muntinlupa
c8a73bc5388c14a21cb9ebf23fd3eac7,Gloria Pascual,Mandaluyong
0974f3749e64988c4723d7dfd18334cd,Miguel Fernandez,Marikina
171caacc35d6b189030f063bede219eb,Ricardo Navarro,Cebu City
6a686353d4c13bad757397f9595f3103,Manuel Go,Makati
2748d85b550fa79f5a5977cc43628a22,Trisha Go,Manila
44a6eede854350351a788db6d01cd3bc,Marco Reyes,Las Piñas
b27da7190c2ece0bfca0b7d482fb6165,Rosa Ong,San Juan
d30f27ebab791f23b29984994207462e,Marco Chua,Marikina
ba976ef2c5baf66c4f898201f50a6cb5,Fe Del Rosario,Caloocan
18952e5e35fc932bb0762c5bc34133eb,Gabriel Dela Cruz,Cebu City
b133cca8e5b4c208439f2975a50735a2,Eduardo Villanueva,Davao City
87f3bd3f276db1801477cb1e120dbe96,Isabel Aquino,Makati
cd0365c28e837bebccc0a1dfbd41629a,Patricia Aquino,Pasig
11dd27b691cabe6f878936eba7214134,Gabriel Mercado,Parañaque
56c86892430f76e04b0b0508ef6874f4,Ricardo Tan,San Juan
c79720932b8b19520f744aa9020cbc48,Bianca Martinez,Malabon
9aa02a24d85acc15d0edd1e26d4c585b,Gabriel Hernandez,Malabon
27bf77bc7b2396106f3ce413697ea6e7,Kenneth Villanueva,Pasay
b1e601af0c8b32c2429c3e69cf1e7f5d,Adrian Navarro,Parañaque
d3dfe6b5977e030bf1cefd1a39262ee8,Jasmine Ong,Cebu City
99769cb998ccbff2422a53198b89737f,Ramon Cruz,Manila
80df2aaaa6264c57b11e48c8c4325a8f,Antonio Tan,Makati
ff1cee80ff3128f2f877778f0e984b0a,Czarina Aquino,Marikina
3475e5af1600a6a31732629c21642936,Nena Fernandez,Malabon
0e29e5ce6a33206f56abd54b6a2dad35,Carmen Aquino,Makati
c81573dd7744a3dbb5f5ebd9fad43dcd,James Aquino,Bacoor
4ed8b7de220a2940055ca433597c6fe3,Fe Martinez,Bacoor
72f0c60888cbc9dc3fd05508a5b85323,Teresa Flores,Mandaluyong
8df13a0222335bdc924fda517e82b47b,Gloria Torres,Muntinlupa
2446b72bd6d711f16e263e09e6b831c7,Gabriel Lim,Manila
a234ab1c969cfe3ce38e42a363ae911d,Rafael Aquino,Las Piñas
c3a65c07a1267863dbd8350bc7b2d30f,Maria Go,Parañaque
473d4f1cabf2060242cf1fa376d3b2da,Nena Tiu,Muntinlupa
cc2207665489ed1dc8294916a3e29890,Gabriel Santos,Makati
33abb48f10f3b9dafb11e7a128b07710,Gabriel Aquino,Bacolod
49bec6c072ce1ccb0250ec2e27660422,Fe Cruz,Malabon
9a74c68dd49c0954f60891b14d046fe6,Carmen Del Rosario,Antipolo
55522370dbf2db74dd95229f53c33b20,Carlos Ong,Navotas
6939bd28e193c69ff562e5e72878dd31,Luis Yu,Pasay
0d46214ef990df0363eef40e11c24723,Nicole Reyes,Pasig
3621a94953a76f16cc95ffb8e9e512f3,Mark Ramos,Cagayan de Oro
594c6176ca29b5f885ce935b25c5f049,Fe Garcia,Muntinlupa
a5a83a63d391312739965a3fe1fe0629,Patricia Cruz,Pasig
6fd411b6087b8aa0312c1de25fd6dfcb,Josephine Lim,Davao City
188387e6b0af7b00171d019f7385d306,Roberto Torres,Caloocan
18f82f7c4821bfdfb3a38c6dbd812ac1,Miguel Ong,Las Piñas
a4e934a38342e597771c66fae345c065,Gabriel Domingo,Caloocan
b55be04b583fe8da6f1c1f4d438dfd21,Daniel Pascual,Valenzuela
37249483333a7c5f14874ab600aa1991,Sofia Ramos,Davao City
53848f14159fa0867611b313ca65ef88,Miguel Castillo,Makati
7851c5408d02cfe70b29a3a17bf6dbdb,Ricardo Soriano,Pasig
f6e20032e44905d14a51a3afb7292ccf,Kimberly Go,Parañaque
95c1cba1b1c47c6aa14cfb3dee1968a3,Carmen Garcia,Caloocan
03d6cdda76ff8b24d5e72a5910a722f0,Manuel Flores,Parañaque
9d1113330f41d619ebc296ccda125cec,Ana Pascual,Las Piñas
f4d06b69e63f1f809c73989bc68c8e1b,Bianca Tiu,Valenzuela
ea46846446b3c48a147a309ec09f40fb,Ramon Tan,Makati
412bf0bb0b962db2957e2e2bafce7ab8,Bianca Fernandez,Marikina
a6e25a7b62e7dd0456798e3f6fbbc111,Kevin Villanueva,Caloocan
59b7bab8252382679e9e20414651af4b,Antonio Aguilar,Antipolo
ba5b92a58d5c2476aa59a5aba5363136,Luz Tiu,Bacolod
f911265432d016c8fd335359389b97b6,Kevin Gonzales,Iloilo City
0e52feef4ee0bfda3e5023f884ba140c,Jasmine Aguilar,Valenzuela
9a7237b428810542dd744c2fcd4eafcc,Manuel Gonzales,Bacoor
37cef27c4817116126d854b41b436c28,Rhea Garcia,Bacoor
688de30f8f8d480c976d300406e21845,Isabel Navarro,Taguig
ab41c8e4ebf568d80b4e28240896b78d,Nena Garcia,San Juan
bc249d77005d483166eb38f127076a9d,Carmen Mercado,Cebu City
966ce86970dc0509d6dd59c597aa66ef,Paolo Flores,Davao City
e52fa8081e527402753d130a1c8aae56,Gloria Dela Cruz,Las Piñas
2429c47c67930c4df17bd0fb38016e49,Rhea Go,Manila
3f525d1cfcf1cabc3f8a6f4ef47cd044,Elena Ong,Muntinlupa
40f0814caaa625676130b22cc3d65262,Gloria De Leon,Mandaluyong
2b267eacd34421b3a0a66ead2ba744f5,Carlos Cruz,Bacoor
40c3002d8a264574563edaa44c3ae819,Eduardo Aguilar,Muntinlupa
2bb5cb25557041663e4c496f284e54a2,Mark Villanueva,Mandaluyong
eceef6c66edc2be2d08f1edd01771f5d,Rosa Garcia,San Juan
c0d267f26e3cb1f9ff0eb79bc0662710,Adrian Santiago,Mandaluyong
7f5f20f536344454d27d82982e63663a,James Gonzales,Parañaque
7e18ebee0162529404174e41d66336d4,Andres Santiago,Iloilo City
8dd7b231e7aa2c6948859ab595902063,Angelica Yu,Bacoor
4dab7a5b4e478612e2e4ffd30f3531ca,Pedro Rivera,Davao City
fd8b95d057e13c172a54dece34833a23,Manuel Garcia,Las Piñas
3227637609518a03f75bbdf1b833f820,Cristina Bautista,Mandaluyong
d97dc46855a727db9ff557bd9ad68b21,Bianca Cruz,Bacoor
b97c12b6eb12e3c01da49d7dec2f5d92,Sofia Soriano,Zamboanga City
4db1dc95c68f29bc95d32841c34eddf3,Ramon Fernandez,Taguig
3fb18719ace2eadc07af202111d26230,Andres Dela Cruz,Valenzuela
baf6ecfec54df01a7bfb3520cb6ce578,Juan Gonzales,Mandaluyong
15bb5d4eee70a647103e3b1dcd60f3a7,Rhea Pascual,Pasig
e2ac452f3add7b751a2d0ced8060b09a,Marco Tan,Muntinlupa
e1fc8478ac12203a3721873eaffa84fa,Manuel Go,Mandaluyong
1db42b64ec35d54ec0578a0f9b13d091,Andres Gonzales,Las Piñas
1fd299176c461d6a17c1ad0acb245a7d,Luz Cruz,Bacolod
a69041e2a84f247db539501820d11ef8,Ana Co,Zamboanga City
227d59e85fc90cf6408f89106c143722,Carlos Aguilar,Iloilo City
c7eed9527a85e731e1b2daeb287450e5,Bianca Torres,Valenzuela
51ac142034feab295b5c8682df605cea,Roberto Dizon,Navotas
68243b859b573106fa3fef269ced0cea,Kevin Villanueva,Antipolo
a78d7a60a5b870dacec283b2507461eb,Ana Lopez,Mandaluyong
e51b20931b44075e81ab28961fb3db90,Ramon Ramos,Muntinlupa
7ad6ceffe65792aeaf4550d9d55d96da,Jose Lim,Caloocan
e8d044cdba8e6d9f8b7128ed8cfdd238,Pedro Pascual,Muntinlupa
4cde3f3df0e0ed008b0fa982750721c7,Josephine Santiago,Marikina
b89166c6e22cdd2f6a16dd9b55fc17e2,Czarina Torres,Cebu City
8da7851b2a4d7fa1ac3df4fe093d541c,Rhea Salvador,Navotas
3107ba66e727ac88e3ed681c79e06352,Gloria Chua,Taguig
6e0a330e963f67aa1ef9236a040d3c82,Fe Aguilar,Navotas
af39ece55aa00b75c9f88e2778898a0f,Trisha Lim,Malabon
e394e47acdbd12597a232197cfb420ad,Carlos Salvador,Pasig
9c94845f81afa3e878ba502d7b436d04,Andres Co,Cagayan de Oro
ccbea2eea2ea31722a953e5171625322,Manuel De Leon,Malabon
1c2da8716bc3396a30702d16468e51b4,Jose Domingo,Manila
f5faa1d2e2764801bbe1b5a588a14eb3,Andres Castillo,Bacolod
57b8443c1a8508f78bd6f8820c17ccd8,Eduardo Mendoza,San Juan
874b29fb6098b13d849f7b0d5378d5da,John Ramos,Zamboanga City
f84deee720460e0b705724bed47bdf22,Nena Hernandez,Taguig
8c734d0116cddbbef3eea9b213ba906a,Carmen Yu,San Juan
e88d390b2116e4ac6d62edee46f193d9,Eduardo Ramos,Las Piñas
78bdc9544865ab42a77b13485cd325c0,Paolo Rivera,Zamboanga City
829123be131cf383078a0a0e29407505,Gabriel Go,Makati
d6efea09d0c11af48ec3da8693572bf1,Patricia Co,Parañaque
07ac6f496567fcfb7a245167b448e031,Gabriel Santos,Cagayan de Oro
340dd7ac1deeb051584a06b35403e3a6,Fe Aguilar,Valenzuela
4af24cb809526f6cf9ed052fa583c875,Andres Dizon,Davao City
2373b8e0a040b6058ca3e3a30e2e7951,Josephine Tan,Iloilo City
8c3a6cec3122fcb536adc743492d8f62,Nicole Reyes,Las Piñas
7dcff65ca91c82ee29e269726510dd30,Pedro Santiago,Antipolo
18b41800f3f80f10064e2ceb8ccde102,Adrian Domingo,Caloocan
cf9169f0f13970da0e823a505edee54b,Ramon Co,Cagayan de Oro
536743fff077e211b653ee2d91acb3f2,Czarina Navarro,Davao City
00b0b70f16a715e4e470aaa108562b7b,Cristina Navarro,Zamboanga City
6c223f6a1ec74642b37b154d956dbb30,Rosa Fernandez,Parañaque
879932e0892efe8f331c52b301ab4242,Sofia Hernandez,Muntinlupa
b782555c7d34e25a72af89a640b3cb14,Josephine Santiago,Makati
a89f121e996436e3a85aba5df466b97c,Teresa Sy,San Juan
df2b3a03c8e06895f14b0352f2ef1920,Kevin Chua,Bacoor
ae69cf1ccd5bdce4b3a9bf851d84e3d6,Jasmine Gonzales,Valenzuela
ae30befeac34bec1b94fe9a5594bea80,Adrian Lopez,Navotas
b6e1651d17779dec430fc1d5433ce397,Kenneth Reyes,Muntinlupa
2c0b62523f434a2070c589b1009ad50b,Bianca Lim,Malabon
a1c68a22ce005d1335b46b42eff969f9,Ana Tan,Pasay
da0aacde0a556b91c5e0d16aa33ab229,Luis Ong,Zamboanga City
e8ae33ae7a12626ec5eff894f63f379b,Angelica Rivera,Parañaque
f37db8cf3aa12d27c4d1de92ea161d68,Josephine Ang,Malabon
fa35d5e1191444f7cb52b1297605d96e,Isabel Reyes,Quezon City
6fefe33e7c5b0fde9db7e0433367aa6b,Gabriel Martinez,Marikina
0ed73bcd7cbf7e13b36dc5f06a99adf0,Sofia Dizon,Zamboanga City
eca8549c0d2b81e2910b1d9b94cc71ba,Patricia Gonzales,Malabon
45f254a63d0aae573bb78447d4315643,Kenneth Dizon,Bacoor
58f553f1e5faf45decf13cd7dcc53230,Francisco Reyes,Iloilo City
524bf8ad16477ff5052f15bf2b522e25,Nena Garcia,Makati
9bf9d56f50b9f5963e36e82cb55ad4dc,Eduardo Dizon,Cebu City
413f25c5c1dc622bb2b46454e719590b,Pedro Aguilar,Antipolo
db9d0086ea93e0d4869c1b792e3840db,Luis Aquino,Cagayan de Oro
5494c507815e9d2c188b89c631df79c1,Elena De Leon,Cagayan de Oro
f923b81b8a0b8aca86745ccdbb27c2c8,Carlos Go,Marikina
011a52f0268ec5d8655517bfa57221e5,Josephine Tiu,Pasig
fae55ed7459a6d681195796016b35e72,Josephine Fernandez,Iloilo City
46a5c3afb481e5c60e306d6f6b5d8b63,Gabriel Aquino,Bacoor
79dd1aa197f97c752bc5cf94bfcfdc86,John Cruz,Quezon City
2cddaa3c3e659e1c0b3c0c03251480df,Ramon Mendoza,Navotas
0a25aa11bd39ed8a5aeb49e6050c34e0,Angelica Go,Iloilo City
d9afba0a1119da0801d6192d832582f6,Nicole Ong,Cagayan de Oro
63b7f33d73f9dc2045b57d3e39e9899a,Rafael Co,Iloilo City
e8a5c22d5bd495d933e69b8eea3e96df,Elena Salvador,Muntinlupa
635f52cfece0d41dbb4b8245b931cf4b,Trisha Bautista,Mandaluyong
1fd83acb83fe314466ab7624bb0bc7b5,Ana Sy,Parañaque
4c3b49735558d2c98439b47d2bce1b84,Nicole Bautista,Cebu City
cb59b834171ed76ff2b936e206bae2cf,Gloria Yu,Manila
9abe1e8baa9a72626b0de558bf34a2fb,Andres Gonzales,Cebu City
6b2d2141fed89883d59047fd7597212b,Nicole Tiu,Caloocan
32d586173ca09d4555b27b85c0bc3dbc,Gabriel Ong,Antipolo
5af3c0d3ddba22c78b17514b63382124,Carlos Ang,Pasay
4874d4aed921ab88555e1bb1ad0b01fc,Luis Ramos,Bacolod
2d893b97d2ad6d07e8e5f77d32bfac8e,Marco Garcia,Pasay
1284f22c5a2643855cf5c09e35828d21,Ana Garcia,Malabon
6d8078ee69c341f4f081c69403e35860,Maria Go,Navotas
98cc2dc15a66c27aba1eb8276566389f,Angelica Cruz,Zamboanga City
653c199ea3c8decf86107ae41c4b11dd,Marco Bautista,Navotas
4fb39497980f458dad464af1575a4b52,Isabel Lopez,Antipolo
134dd50227049e49b56d60d678aa55a3,Ramon Garcia,San Juan
85c6d3d02f52a31c95be37eb89b77ac0,Ana Tiu,Marikina
2455073787dd12c501d7b5eb0fc02c74,Ramon Tan,Muntinlupa
ed0151901d93ab4ee7c004c091ff6639,Gloria Tan,San Juan
9a65e8e707e565b9e62a971a1a4065cf,Juan De Leon,Cagayan de Oro
91ee6cfc8d8620c820975e357cd48e1d,John Martinez,Navotas
d88df530c090664103b31e51be4594a8,Adrian Hernandez,Zamboanga City
f140daa5ff495ac801397a9d4e7d5fc6,Juan Fernandez,Pasay
2d7f457bbc5399316092316295c3ec2d,Fe Dizon,Davao City
1fc43f40af61fcbc128ef6421b6373f5,Czarina Reyes,Marikina
add978a842722a231c7de61fc7edca77,Carmen Mendoza,Manila
bc96efd2f766c02322368122b319c425,Isabel Dela Cruz,Valenzuela
b7141ca034b2e827906136b4c6424a92,Patricia Go,Cebu City
41413a80b744d6d6ebaec0adea231ac3,Teresa Salvador,Las Piñas
d551a016339f78a4d493ed7b15be4868,Adrian Chua,Parañaque
5f1706b488de1d71c8bdbb7e0664fa48,Rafael Del Rosario,Makati
b809428765a348c271471dc3aea49fff,Nena Soriano,Cebu City
d8aca3208feba7b1bb1b220dc0295329,Marco Flores,Bacolod
99d1e1c2c5194395d4e2c03b3c33fb7c,Antonio Yu,Davao City
a96b28e9a069649a7a77ef0656094d37,Rhea Dizon,Marikina
dcd0e38d48d10befa08e40713f0ef1f1,Gabriel Dizon,Las Piñas
f6369010f241f287a5170ad14b60bb4c,Kenneth Rivera,Mandaluyong
10ff4fc7464baefd23974b9829dc7327,Nena Tan,San Juan
1efd9343f766227d6c22f76aff60f985,Kevin Garcia,Taguig
d4971f6a2b83534155cc3bbfa9b9dc0f,Rafael Gonzales,Pasay
adec1e33fa86050c3b58b39c20c4c21f,Kimberly Torres,Valenzuela
6cc7eb153f7f62a124f86ff3d873c56f,Nena Cruz,Marikina
68bf2bac1ee78b2d0335391b3ec432d2,Bianca Gonzales,Valenzuela
56f4936d1b202e96fdca06a0e476c0ef,Carlos Ang,Cebu City
4c2cddd1fd9a48abb59d1effb5b1e96f,Paolo Salvador,San Juan
c7f5250413b224b257844526ae8e5439,Teresa Lopez,Bacolod
105e7e768b9796899256ac22823a0f60,Gloria Chua,Zamboanga City
0e004374cae639afefa6b2535267af31,Ramon Cruz,San Juan
fd2201077e1552de4319453e834f446e,Lourdes Cruz,Mandaluyong
a1131f823c619ba21688674ce078fb01,Marco Santos,Makati
9a670ebdc3b96a38990693fed699a928,Luis Tiu,Las Piñas
4c9fde756c0f9a009173ce36cffcfc5f,Rafael Co,Quezon City
a2018fbda685efc97e280b0062b97a82,Bianca Fernandez,Zamboanga City
ce0277f52533866cd059eeb4a54ed3b6,Corazon Lim,Cebu City
533d9be0f8bdd2bffc40b74607d3e0ba,Adrian Del Rosario,Manila
550b049934e6bd39164918616659d903,Czarina Flores,Mandaluyong
919b9b81e35888a4cccac4316dfe6c96,Miguel Salvador,Iloilo City
d3f8b12421722087a616c181a716005a,Jasmine Chua,Cebu City
45d8abf5b5c1fdb9bafe2544a8764c4f,Rosa Sy,Cagayan de Oro
00e00d2484f1efab4db498737c071d7c,Rhea Aquino,Pasig
b5c423729a5438a85a14431a68515a47,Rosa Dizon,Bacolod
fc5be97789aa0c047a6015f9c1952ff6,Roberto Navarro,Antipolo
9dc6639db4d833b273597505d078d823,Ramon Dela Cruz,Pasay
7bc2116a7176855dd2a243e56383d0f1,John Garcia,Pasig
62225ee5647ad43ca796e8f64ff4b1af,Ricardo Hernandez,Malabon
ac651ed9d0fd22cb40524d21c63d6955,Corazon Garcia,Pasig
3922f7e5ba9236e57a9dc89c8a6297f4,Antonio Villanueva,Mandaluyong
cbf27089848494db4878ab28d493e9b0,Luz Navarro,Malabon
e0475046e14fa5dbd127c6126bd77732,James Soriano,Parañaque
feedfcb5ec1c6cb3e51e43db38c5defc,Kimberly Pascual,San Juan
0c1f9a234e929167ea34bda4b7d57180,Trisha De Leon,Antipolo
db4f45dc5352e7929f177e3d60e89693,Juan Cruz,Muntinlupa
ca99e23591637f7acac25c69d77f3829,Rosa Reyes,Iloilo City
d0260c2919cba233c48a3b1f288ccdc1,Antonio Salvador,Pasig
e12162250688147c5a7145ed9fe1846d,Luis Martinez,Pasig
ce8c473547b9b11d7f7babbd1351c06c,Trisha Dizon,Iloilo City
7de4b737b7daa1702978e6db7c9c94c2,Carlos Flores,Cagayan de Oro
bf57eea8de03150945c2a8a4e95a23a0,Cristina Santiago,Parañaque
c4d43db409ce2cac3f8c45683db7d91a,Miguel Del Rosario,Muntinlupa
e76f170ffb63d854c26d5eebce943bf2,Luis Bautista,Manila
7887983c97c5780605a724cf9bed864a,Nena De Leon,Bacolod
88c4b94b828423f7e25c21fb37073c58,Gabriel Lim,Bacoor
de70610ed9d8758e444628b37d0d43b1,Ramon Castillo,Taguig
c990ab965bb974b2701261b174a1d139,Roberto Soriano,San Juan
7830a2a802867b842a01d880b016967b,Antonio Martinez,Navotas
094005fc892687f1d66a5b31ff3fb2d3,Ramon Ang,Parañaque
808f2e557d308b4eb9971ddfcd1d125e,Miguel Villanueva,Muntinlupa
805204e29a38b34981d9bf6cf4ba5860,Teresa Co,Manila
75610d97cc1b0aa18a07875217670484,Elena Reyes,Zamboanga City
5a1b6cba43e157325482a21c6deb3a42,Pedro Villanueva,Taguig
84c75ab9a50cd0c0a45dcfa6067bb008,Luis Martinez,Taguig
9df886d3458d40bb1c6b01951f572c66,Daniel Gonzales,Caloocan
a020a10fa749ecd14af0dcebb74e3832,Cristina Torres,Zamboanga City
55a6f74398439b44fb0178d692f77f00,Isabel Co,Makati
8f38dea4883b763a1ca648c34aa4e789,Marco Domingo,Navotas
84fff00c581aec4f320dcf2a26c2d315,Kevin Garcia,Cebu City
61e19328df34ab6eb13e71793314d11a,Gabriel Tan,Malabon
6e2f73f3aa44228fcb80444437417dad,James Fernandez,Pasig
57987a7faba288e39dba82e4efa1e12b,Gabriel Martinez,Marikina
d6057d25ddf81317278a9a488ddc7097,Kimberly Pascual,Mandaluyong
7fab2e38e2b6f2a2709a9b365fd99920,Gloria Mendoza,Taguig
63c427ce511f6e105bb9ea0729b9204e,Ricardo Ong,San Juan
a06680da45f2ba7d9d61198dbb07722d,Miguel Hernandez,Cebu City
9ee776265400b682415df4f33e7c9018,Rafael Tiu,Caloocan
aaf4b0824cf500243d9bbac188d57746,Andres Mendoza,Cagayan de Oro
9160846b40c35d2a3f790d290519741f,Jasmine Hernandez,Valenzuela
9d58730368a5f318050bbd6ed8b3dd7a,Juan Ong,Pasay
3ea6d57b804989bc3fecb533b74bb8cf,Kimberly Go,Iloilo City
55a9f47dcec362df0e90a363ed5a9904,Cristina Salvador,Mandaluyong
0651d1acbf92bd7b1ffd90e11687e1ea,John Aquino,Bacoor
c503063a715b59a5d3b6a28f1e6fde68,Marco Flores,Muntinlupa
6e0fc76cbadb259384b18b47bac26276,Bianca Dela Cruz,Bacoor
65a9553fe64e380cc97709066228d4ce,Manuel Del Rosario,Muntinlupa
18f6c866ceb644d95bb3474f73621a5b,Ricardo Del Rosario,Navotas
84e2899e63e9258399599db224f692b5,Luis Aquino,Cebu City
5ebb0a6edff7a4a68783c7e63e3a9346,Manuel Yu,Marikina
aaf0e3161f27f15c906f3acae2bbb9e4,Patricia Tan,Marikina
a6ae5103e390265ffa93d2364ce82ff9,Isabel Villanueva,San Juan
d96eef91376d27285d76ec0a8817384f,Teresa Bautista,Bacoor
1b5f3e9c9a8d935d6cb892e5833b9623,Paolo Santiago,Pasig
9211f65d7e5630ec9003d10aecb0b45f,Jasmine Mendoza,Cagayan de Oro
79b425071ad60818aee2b73c4fde0f4e,Lourdes Tiu,Zamboanga City
c5b974c65a6ef238d77715932b31b80e,Bianca Mercado,Las Piñas
e6015670f3619f649bfbad0bb6dd78fb,John Hernandez,Bacoor
1e8f506eaf9a8b655a64d86f3f59e29b,Ramon De Leon,Navotas
10014d871754844fd96a8639b7f15452,Carlos Rivera,Makati
9c9fbf85a099454d956f3a90fc0dc649,Rafael Lopez,Cagayan de Oro
e7bfebaaf759908439d7eca718e93a55,Bianca Mercado,Davao City
9cdd3e6efba7e7f2d6e51a61596c1f6e,Eduardo Aquino,Mandaluyong
21ed8806b34c7a296f3326972295e9a2,Elena Del Rosario,Cebu City
59f00c4a671884e05a4991d8539467ed,Elena Chua,Antipolo
82ef1f38241275ddd6c633e228ad301d,Corazon Lopez,Las Piñas
658dde632f686331257e865c982247ff,Rosa Co,Cebu City
bb863192854b907eba5ce06fe8afde55,Manuel Navarro,Pasig
6c355bbf990e8a1fe829d3eb205ac523,Fe Santos,Marikina
6fd89d7d3908dd887c4d5955650c0be1,Gloria Fernandez,Zamboanga City
7ad998ca9fc0f106082c4a07c5267de0,Rosa Hernandez,Davao City
3516534881d3b547ad3e03003dc3b657,Nena Aquino,Pasay
7bb38b08f50fa00297e46cab436bb54f,Rosa Ang,Muntinlupa
4be266f9fb07a529aa90d65794943baf,Antonio Yu,Parañaque
65a9aae208272fa49e58437eb568a5c8,Elena Sy,Bacoor
a9d22bdcc3937ea4ff2942b3e8f260f5,Jasmine Villanueva,Davao City
12f83add2562ef8e67635edd024c185a,Angelica Ong,Navotas
b8de5d745e7191e30d000adf94646add,Andres Tan,Muntinlupa
dbede603a77ac85b8cec97dcc8ac7e84,James Fernandez,Parañaque
0c4b5279035df99586b5ec1ab2a3c110,John Co,Pasig
c8873fba09d8775c1140fdc31eb8f16b,Angelica Santiago,Valenzuela
bd700fd48e41655615299306fa05f458,Czarina Cruz,Iloilo City
68be3926ec970eca9eaa1a7675ee27e2,Patricia Cruz,Malabon
2950101da346337b875c55f3f8395be1,Daniel Domingo,Zamboanga City
a46c2de413b48c34234399d52b003ec4,Ricardo Hernandez,Iloilo City
30073986161b24b0d29f9a5cac81cf75,Paolo Gonzales,Pasig
4b648b9b34ee48e3e25fa4f3e2ff8776,Bianca Aquino,Malabon
cbc79e92f8af9a7974a5bff7f5182703,Gabriel Ramos,Pasig
475c2c233012363a118ed001ec77100a,Andres Lim,Valenzuela
4060516badd41acf05d08c8fa50a80ca,Rhea Pascual,Las Piñas
2eb886f4f9d0f9f209424eb155769861,Bianca Domingo,Davao City
638c7bcc066b2befe672cd43f8958ceb,Roberto Ramos,Pasig
f91951a114c0cba2feb41ae1ef748eae,John Mendoza,Mandaluyong
531de0d104b3e08897c30fb3a61afeb4,Mark Aguilar,San Juan
689296ce5ea4f277321e4ddf50fb4651,Angelica Chua,Bacoor
72947608cc1710198cd711b13d3e0976,Juan Santiago,Quezon City
425e2b91413f321950f14d80b60cf982,John Mendoza,Marikina
3ce87b66e5a0a287ae1ee660e7897dc3,Eduardo Castillo,Manila
455cba0251cf98ccd6089d5d0fd499a7,Kevin Rivera,Valenzuela
baca592f399db117a3a0b6f4cfd53f66,Andres Sy,Davao City
4dad1255663da57c9b7f1057e06d9fab,Corazon Flores,Taguig
0445182f82062074882cfc4291010f26,Lourdes Go,Muntinlupa
7294a3e8c894ff5059c4eaa180812192,Roberto Ramos,Malabon
c71287f2e78659824efcb43276282d7c,Czarina Reyes,Pasay
f4ecbfc35b7ebd908ee3ac3fd00917ef,Francisco Del Rosario,Iloilo City
d509c2002394453236c231dae69eb75b,Paolo Castillo,Valenzuela
7350dad416a4d342eceb56965509d33c,Isabel Yu,Parañaque
61798baf214c52a052440b1751c11f9e,Kenneth Martinez,Cagayan de Oro
de7b73b941fe5a553a1cdda705610321,Paolo Salvador,Valenzuela
e2a0e689288339e19f7921829eb6bf8f,Kenneth Tan,Parañaque
0b8aad721f8044424d0c96eb737fbb8e,Jose Ang,Zamboanga City
f764f9356015d70205f1dea3ac6d6a17,Elena Ang,San Juan
9112b6a99b94eefd37306fe5fa310125,Maria Chua,Valenzuela
adcf21377017d21df7dea1b04f0d0e9d,Maria Ang,Pasig
5afbcc5129e1dc31f1426116bf09939a,Paolo Go,Makati
6f518bb8b4225dcb91eee756e2c3ce1c,Mark Ramos,Navotas
bf98575023d91dcba37ba82afc879876,Nicole Tan,Manila
16f42705ec5794c534a7260af2bede91,Corazon Soriano,Antipolo
2aca0671f7be1dcf3e763d5ad2fe5662,Czarina Garcia,Las Piñas
43d7ba772b627975df622da1f2a61fe8,Maria Villanueva,Quezon City
3b211f0ed6f59ea3a8b5f00e2e1988fa,Sofia Sy,Caloocan
737999ca68c79f65fb84306bf7d6be69,Carlos Ang,Antipolo
439f15496ce0857e9ebff054dc694ef5,Nicole Castillo,Malabon
e407384a4c8ff9e5dff78128121397b1,Nena Cruz,Las Piñas
c5ebcfd63c8062e85bb5316ca06486dc,Josephine Aquino,Pasig
dad854d9b5225e1b49df5648b4ebfc53,Marco Mercado,San Juan
ecf99172773a04c499cc1ea709052f35,Marco Domingo,Navotas
64e36db8380e65aee0d51fa466bf2de5,Lourdes Aguilar,Bacolod
a0e6b7e4209bd321e6d40e92e93202a8,Rhea Cruz,Valenzuela
99f4bbe9110a8f014861ba939d7ab125,Maria Sy,Malabon
364a0286b4f67839c4de4a78c59791a4,Miguel Chua,Pasay
97d8f0f13e651b39f69dc9fce7ad93f4,Isabel Tiu,Cebu City
553b3ab55f76059825e0a19972edcd01,Ricardo Go,Navotas
91d8f6a9a77ed483caadb477c108a60a,Roberto Bautista,Cebu City
83a26cd52bef1f50c491388dbc275953,Lourdes Co,Caloocan
29381a1e842bdca5dea6d81a7d179ab7,John Lopez,Malabon
d54e9c2d83fd9e5fd9bba38369da847d,Kevin Dela Cruz,Marikina
267e71f0f5d8851d98e2f01c7d3cd66b,Manuel Domingo,Malabon
f40d22e40d7cf1ff460220925947b660,Luz Tan,Quezon City
df59d83cd48e80748a2b861d63e57561,Gabriel Martinez,Bacolod
57c147ccd6f3b9cc1e2f4fe8d79e6503,Kevin Co,San Juan
18506284a286b24e9f92597009114c3d,Paolo Domingo,Malabon
13504e298c3203d60f9e750ff709f73f,Cristina Fernandez,Taguig
4260b2422c81ac40e114fad4fee3ca41,Daniel Domingo,Parañaque
d2b72830c73dddd3c1f877931a98e7d8,Corazon Mendoza,Cebu City
9e7ce3f5db9d19bbb59b51b3cdefac54,Luz Fernandez,Bacolod
6d24d9bb164538945f25e18baac4ebcc,John Co,Iloilo City
c1565fda0e70953fb7d0e0a7144a60b4,Isabel Castillo,Antipolo
916508906296165736eb13198cab3412,Angelica Ang,Las Piñas
d4b850cb9d2e5ef294aed59ad0c8d33a,Rafael Fernandez,Quezon City
e3f24b948741c8483490711f290edfd4,Trisha Domingo,San Juan
df87fa58cad5b36cb77d46c8f305375a,Jasmine Ang,Caloocan
20a1a78865aa30528cbfd479ba0e8968,Fe Del Rosario,Marikina
83269fa061c49fbd0a0c33ed2a160685,Daniel Domingo,Makati
3f73e324116e558ffc64c613c71dcc81,Rhea Garcia,San Juan
d667c153d15c1da259f82f91e077035c,John Aquino,Cebu City
2cabb49aa6c1ec22f446a68977ca6b78,Patricia Flores,Antipolo
e843e2de53fcc8304592a4d609ec854b,John Sy,Taguig
ce261670b508ec25da6ea552a773da67,Ricardo Ramos,Bacolod
986ef973f33f40dd76d029b33e199130,Corazon Tiu,Navotas
e806546600c7a66f7e8e5a7b87694a1c,James Aquino,Zamboanga City
ebd7fa973f2dabbf8d087dad17a0acdf,Gloria Tiu,Marikina
3a8f775cb99b5f7dd0eb2fa05b520156,Andres Flores,Zamboanga City
8b453e4bfbd627e536d290d13f8fb4d5,Kenneth Flores,Bacoor
0b3ea51a76845b65a8f0a19caaabdc6b,Eduardo Garcia,Iloilo City
a9b38bc2dfa7831ed193ca8156ca3b80,Kimberly Dizon,Parañaque
497b1c283e0cba9c45eda8ab494f43c4,Carmen Ong,Pasig
179b7898e59ded4ee849347317ec6a5c,Roberto Yu,Bacoor
40e68e38411697bc3033930b5469157d,John Ang,Davao City
568fd90968c1d505378e7f2fa2de4084,Eduardo Santos,Taguig
24ed38e66298f6093dfe7f116ac025c1,Kevin Ang,Taguig
f954fc9bf5a4d55431c51195401f80cc,Gloria Reyes,Quezon City
5904288d490fae1f98a0869af678662e,Juan Fernandez,Navotas
41b652d05852d2a7d5611f51d44af556,Maria Navarro,Marikina
8f4ae36e40e21cac01af5bb140185b29,Ricardo Dela Cruz,Malabon
02ebcee87e0f9de56cd60eace65c1ea9,Ricardo Hernandez,Caloocan
2253018673e37d9a9c701fc9460e730b,Marco Salvador,Bacoor
cabb660f2261de02fb3ab32837bd4e68,James Flores,Malabon
56b9c177bdc4ac8264e78aa3c0806f7d,Pedro Aquino,Pasig
7a5fc8f3b34c4246e139550fd7825693,Daniel Aguilar,Mandaluyong
ebb2c29677fc08ab57b7f4816ca21165,Marco Del Rosario,Zamboanga City
45a11275aaebe0800f090d5ecaadda5e,Sofia Salvador,Las Piñas
a7e370a10a3822e07fc4d2294f221e28,Bianca Hernandez,Las Piñas
22fc9ac31666738bf051820bc1d2f78c,Czarina Santos,Navotas
dba00dbfb2503e954273df26bb183606,Kimberly Tan,Caloocan
a8df871505a2fd77bfc349de73ff7d07,Pedro Yu,Pasay
9140af7867771e6b3cb6b0740b0143e9,Manuel Gonzales,Cagayan de Oro
045a64ef74a16160a9167ce5337a3261,Teresa Bautista,Cebu City
c80afab44f52cfdf47702aad1eb9f53c,Pedro Mendoza,Davao City
4997dfe2ea586edb68ae5ac109cb5648,Corazon Castillo,Parañaque
e855f1da1e25a4d5774106e4b5e15c06,Kenneth Hernandez,Quezon City
7e216585c91829ce50c3484f75dfc281,Isabel Mercado,Caloocan
2ffa2a2ab0824728907007d4619f8ae4,Jasmine Tiu,Iloilo City
5d9fc3a8d8803dd3095756ee893762ca,Kimberly Torres,Davao City
011a560bd4360023ab17501b407ba644,Ramon Aguilar,Zamboanga City
8c7de4cc9b0e2946947500927b9760fd,Daniel Lopez,Davao City
4de9707888dba5391178facc149005ae,Corazon Gonzales,Antipolo
fb6a412d530d76c2b4febb1ad4529162,Elena Dela Cruz,Davao City
f608764cae0699b7c91ff44e8fa642f5,Gloria Pascual,Zamboanga City
50b7778ef77e56ef09778b9ab09820a2,Ricardo Co,Mandaluyong
f8b697e04bbbc3a0df00f27edcf471df,Lourdes Flores,Antipolo
a1497918294a3e7d3e632799117ed3b1,Rhea Co,Cagayan de Oro
5807ef4e4ae030477baf1201bbf884d9,Manuel Salvador,Muntinlupa
406f93b41c38f4f150a965c8b90dee68,Roberto Gonzales,Valenzuela
538d1801f39c98eba886833b92f832d9,Eduardo Tan,Davao City
76cae5fcb89fde821865c81a83c188fc,Kimberly Domingo,Navotas
6898e7f820acba62ea0934f9aa92106c,Lourdes Rivera,Iloilo City
b8ca8a019b70ef48cf39e3399aa85cd8,Miguel Ang,Caloocan
68fea56fddff83cb47e4ad63ca079152,Marco Salvador,Iloilo City
fe3fc3d77556af76ef159fde0e7f909c,Kevin Flores,Parañaque
9bcace3137f4a39b4a8b69a40cd0666e,Miguel Co,Muntinlupa
5a2bf1a85fbf812fd504bcd8065a1607,Czarina Dizon,San Juan
47c404a32de055b86d45d1e14fa23e6a,Kevin Hernandez,Makati
b9ab3d6aae5cbc3aa8b8a17c249cb3ef,Czarina Fernandez,Iloilo City
8ae01edad344ac180b45861b021f0666,Czarina Bautista,Makati
014e517791e3c2d2e0388472a693dea2,Teresa Go,Muntinlupa
8543576adc1a8f1c9a77c1f58e877466,Josephine Tan,Pasay
bf872d288e923effed33ed14b5334cbc,Nena Fernandez,Bacolod
b461dd29a0ea4c9af57a370d1c5c6a97,Josephine Del Rosario,Caloocan
cd4f7c9a94752337011db41a26063120,Nena Rivera,Zamboanga City
016d40dc2315062c792e30295a4fd14d,Bianca Ong,Marikina
f97e2bf6440498409003d0afa5411289,John De Leon,San Juan
ba4dadb03caa58b4268f8d21dd74bcd5,Cristina Dizon,Valenzuela
163d68699ecc0d137376d73d33cc9f8a,Francisco Mendoza,Mandaluyong
19b353b1b442fa373f11ff2448b60cd3,Josephine Co,Navotas
adeda038a9ad7c423f4abf740eef5d0c,Juan Garcia,Manila
4e285c39bc32bc63c8a22ac2dda55c32,Juan Domingo,Bacolod
25f42b170c0386468a8ecd792144dbb9,Fe Del Rosario,Makati
bca20b33322ffe79cb2e71e856b278cb,Corazon Dela Cruz,Bacolod
ae129735f4301be23ec6cb845b0eec96,Ramon Go,San Juan
03327de91abcc00d15e048fac99b7b6a,Gloria Mercado,Iloilo City
b09efa56ded63b915fdce650b24e19a1,Trisha Gonzales,Cagayan de Oro
7babb5da37a131ca06d1a48864d1ea80,Patricia Navarro,Zamboanga City
77f7430e8cb1d89990e15959b5f6d2b7,Francisco Dela Cruz,Marikina
b9eb7670959024056c75501a1fb798ea,Carmen Soriano,Makati
0d5a17ea1796b4bca246c53c5b2a7bed,Kimberly Tan,Malabon
0c154bde6db1a29b54037b96adee013c,Carmen Ramos,Muntinlupa
de0b426cc5fbd70b1ec27178d0968e6a,Adrian Aguilar,Taguig
ff6714d55c977d667ac3b68c08885d5b,Patricia Martinez,Parañaque
92769f051c996b5bf2f992e031f09729,Antonio Soriano,Taguig
13628a2dcff58f1df6a80ac6af35068a,Kimberly Co,Valenzuela
3161137bab92064f0bafdbdfc0796567,Antonio Fernandez,Caloocan
d05c2a22166ead74d6f0dc802b663aa6,Jasmine Co,Mandaluyong
30c3fe55f695989d06c1d9cb416ca3b4,Francisco Soriano,Las Piñas
1716940149ac52863b5d7938de3d7411,Francisco Cruz,Mandaluyong
155026c6b984e114eed4224918ebd6c5,Carmen Chua,Malabon
d90c63944ee1c4b5fc3f26518cd791f6,Eduardo Tan,Navotas
cf4436ee86767395f03c499bee4a8c95,Maria Hernandez,Davao City
3b0f5a4b2a18b7e8683ed7d1c5b86e11,Jose Go,Navotas
d44b57c028e0ac0d698565d99954b7f6,Nicole Salvador,Valenzuela
8cd0c30183678d47df164391d01187de,Daniel Villanueva,Mandaluyong
62eb14cbc77952f452c3d4cabe96014d,Marco Aguilar,Cagayan de Oro
e217c5118bb1425f100df478124383f9,Isabel Gonzales,Quezon City
4d48236bc40a3e7fb777d7f20e6e44cd,Antonio Soriano,Quezon City
78e08d23eb60451cd85bec2cb2248648,Rafael Fernandez,Cebu City
06de4cddf78677792721e1cc06bbcb9e,Ricardo Villanueva,Iloilo City
5966ea06b2ffacee1f07e4a01ad33bdb,Teresa Torres,San Juan
a2c5fe6341156929e53835561e96d0a4,Miguel Reyes,Manila
e9e54ca0d87a09be4bef70af3f11491e,Cristina Rivera,Cebu City
55628f0e2acb2689f1b02dcacc299471,Maria Mercado,Pasig
bb98fa55a2f2f0667eb27666fdedc21a,Paolo Torres,San Juan
6270b217f5b965dda0a058bd1ffb9047,Cristina Lim,San Juan
f6b61bfca76fdb6349c9ecb6aa102d7d,Angelica Lim,Manila
65dd5f18fc18b158e146ec0b426c6521,Carmen Castillo,Parañaque
f24f2a88f303a128c737254b89e96342,Fe Rivera,Taguig
9563592087705a4c7596f14c152cfb53,Francisco Del Rosario,Zamboanga City
e29f4b8fd1e3dbf9ea24474c7b21a437,Paolo Villanueva,Davao City
ff28ac7aecdcfb60c7ff4cec98df82f9,Cristina Del Rosario,Iloilo City
cdd3ce43a2f181bccacd80c12488d73d,Isabel Mendoza,Las Piñas
0a4d83d3de9472d7338e173f9e3b9990,Rhea Lim,Pasig
476e606c7ca62f80f3d63d0cd07fad1e,Mark Yu,Caloocan
8cf3f563b5855b6b8f82c2ec3b5b0f6b,Ramon Mercado,Makati
143778f83e87bf21afa7b30ff848b30c,Maria Salvador,Iloilo City
115a4ff3ecf0af28b4fb261461e515d6,Bianca Mercado,Marikina
ee63bb87045199bdad734da6e744df97,Rafael Gonzales,Caloocan
ba72ff66235d50b739a6be6e4d98a148,Ramon Lopez,Makati
f928c98511e906fb3473f53c886491f5,Rafael Ong,Marikina
5e67f285133432416c1c52dd7cb1acff,Eduardo Sy,Cagayan de Oro
28a23f430634655a0c6add78298152cc,Corazon Domingo,Iloilo City
adc82771b53bfdf4aabed1255aa97576,Kevin Aquino,Pasig
b6d87daabbad4c9f8fb0d1c1e82db3e6,Mark Gonzales,Quezon City
7f3040804151f8c68138d15d9ac7fa4d,Mark Navarro,Muntinlupa
39c9998fea405ca20c3a2d0f3ed36979,Cristina Ang,Iloilo City
c6c9192c0d5d2a2418afde97b4bb7f72,Gabriel Villanueva,Las Piñas
3937f89f7567585faf772714d83866a1,Antonio Rivera,Bacolod
e643c456c956cdc649038ed7611b38ad,Corazon Sy,Zamboanga City
799fc1831815affa16cb4a3650ee6b4c,Angelica Ramos,Antipolo
7eebc72f038a221366307019c2d70287,Carlos Torres,Parañaque
8d032d724febb9dbfc05a24040439e25,Teresa Castillo,Iloilo City
24d00d1c187ac206ef6f59a8389a9790,Antonio Ong,Makati
d77f589aa4888ef8ee9955f07729ff0f,Josephine Bautista,Zamboanga City
65edd44da462938a600aa3ff835ddf0c,Manuel Yu,Cebu City
fcf6c04f02148fe8bbd250f3721a6a65,John Navarro,Manila
e2eef69a48fe364897fb30f2b20083a5,Ramon Aguilar,Taguig
dafcb821667aa45b385857969597e391,Miguel Co,Valenzuela
ab202679a0636f38651e6eccce7bc005,Czarina Co,Makati
3b14c14ca2937b9abd01ac0802ac95d8,Roberto Hernandez,Davao City
95bb656f3ed9cf29a95e80486725409c,Juan Garcia,Navotas
f0b0dc8a99490b4403b2ee84db9689d5,Eduardo Santiago,Antipolo
fee4ce433b8ad087c23bf93710d28de2,Kevin Chua,Pasay
1b857cb05b04c6e5af3801b9d275f5f3,Eduardo Tan,Cagayan de Oro
9bd58f096fec3542949b351e61c0ec5e,Cristina Go,San Juan
cd65ea131c570d6175d9d8bced817bc0,Fe Rivera,Manila
4463c411b0d4b4bff2c5598e065098f4,Gabriel Fernandez,Manila
21f62825c79eb32cd1f423b400434135,Teresa Go,Zamboanga City
61a742216fb7569fb8cd7c67d97c2224,Jose Santiago,Mandaluyong
1d554069d675444eada35eed8ae26ea5,Bianca Lopez,Cebu City
98f4f7642e52deb093e2a98133dc4746,Juan Del Rosario,Parañaque
cda6c40a0c448410697f0c63df43ba2f,Mark Domingo,Zamboanga City
515c1ae2c8d713e101c3ecdd0f47aa89,Angelica Tiu,Davao City
88654082f498ae827beaf3071fb33558,Lourdes Castillo,Valenzuela
3840e6cdc39b6ee34b2ad64c7e6c1dda,Luis Fernandez,Makati
6df416b27ee10eff332c2f0d0de33f84,Luz Aquino,Antipolo
dc177f386459badd93d7b2e738fdbde1,Patricia Aguilar,Muntinlupa
bb350c10737b4f1d6efe539e6fd69bb3,Maria Mercado,Makati
96a0e9d31c99eb42dd677de475338ff8,Francisco Lim,Bacolod
19d836a3aa192a1db38dabaffbf4b4fe,Luz Lopez,Cebu City
e4085dda620689d2434a5e780b2bc0f3,Cristina Santos,Cebu City
e445ba2048f6fd3099d6d26b24f444e4,Rosa Flores,Mandaluyong
065bdf86c88fa8b02378158a884020b7,Jasmine Torres,Marikina
e4835dc5b5c6157df57cbaada0243ea8,Ana Santos,Las Piñas
5bedaa1e16317e516a1754fb35df98dc,Pedro Lopez,Davao City
042e2def3869a850eeb21570cc797d5d,Rhea Rivera,Muntinlupa
894064f779b71d9396d11d6540d306d5,Gabriel Ang,Davao City
7c8d75a2aa592f3a87c0d95e1b583a62,Antonio Lim,Iloilo City
2e5a0c1bcd8c81d0d394b9d250c06d66,Kenneth Gonzales,Cagayan de Oro
82ab2a82934a95ffe1b279c000223dcd,Kimberly Aquino,Davao City
8f4f273e72306b61c94b096c33d0b93f,Paolo Co,Makati
80b44d1640f91d84b874183502a0d48b,Jasmine Navarro,Pasay
d437e61a7f941b8ec156a2903ff46751,Luis Lopez,Navotas
183434ef1c82841d98d8c5f96aa50530,Ramon Gonzales,Manila
ebdf9a33aa133b092a31edd674d97876,Jose Garcia,Bacoor
11d48e56325f09b8b875e3befa0b4849,Rosa Tan,Iloilo City
84edd4b16f5a886aca3122ebe861ebb0,Jasmine Lim,Pasig
ce22f42b7bbbdcdc1d488b09b7e61991,Pedro Aguilar,San Juan
4610375b29b2d35b646b5c934e350621,Rafael Rivera,Marikina
151beb61901c901f86b680f3216d8a34,Carmen Santos,Bacolod
91a1b011ddf77b07d6588858b0745daf,Eduardo Bautista,Taguig
6d1f31f5299385a3336f76dd208834ee,Maria Domingo,Iloilo City
f22bcf47e85022e22f5fe4d283581f21,Fe Mendoza,Bacolod
f0ddd4e03c7e26ed32279c244e36c560,Gabriel Garcia,Davao City
4ab70ee12d09f9346da2b65390d9aba4,Josephine Yu,Parañaque
cfa4a9836a5fc0f6997efa12c2f621a4,Luis Reyes,Bacoor
955336e0a891477aac85a91fe31ad56c,Eduardo Reyes,Cagayan de Oro
2ba96d18afb79d2243f2f36755ccfd56,Paolo Tiu,San Juan
8620ea88b04f60cab915f50af7d5a6d7,Cristina Cruz,Taguig
b4c7aadedc2dbca29d5f7740c116c4dc,Patricia Fernandez,Makati
6f6c4a5d27f32b8158fab81024553059,Lourdes Ong,Cebu City
c3e0708c8e1824a7dd1535fb10929651,Jasmine Dela Cruz,Davao City
d3bfbe9e9057bc235693468b78424203,Corazon Lim,Cebu City
4230258b85a5f0b1588c5c089ac66ceb,Bianca Bautista,Navotas
ddf6b39be5b4de36cfdb1836efdcaf30,Isabel Go,Bacolod
8df80ce1dc6d41ce0d49b686d4800dd9,Jose Soriano,Muntinlupa
b8422041ff352f824c7fba4aa599d97b,John Castillo,Marikina
eab2b546dc6e50f4781f70366d72fcb7,Mark Bautista,Parañaque
6cb94f06011087b356283d700a8b0b85,Kimberly Tan,Mandaluyong
008cb92f11976cc0e38bd99c7dfae47d,Luz Domingo,Davao City
56b544934673939c357924b76e8f6e5d,Isabel Reyes,Antipolo
31cce9ce6ab6706fe18642ef17827ce2,Fe Lim,Caloocan
6e538982b5692a88a093fed2e87614f7,Eduardo Reyes,Iloilo City
0e227a0f1a93aea86dbdd52e3be7b007,John Fernandez,Makati
feefc40e47b81cbab27df3a529083f19,Nena Sy,Antipolo
a79fc3c4aa9034dc3e1bd0dd907294a5,Adrian Domingo,Malabon
f0f63f6d038d2e98c1d55b3053c868bc,Adrian Ong,Bacoor
c0ff674f99a53b4d95203d3bacf5b8cd,Rhea Santiago,Bacoor
5963460673e6ca38ae4b4d55bf49d845,Bianca Bautista,Bacolod
e0eeb9d13c3191f213206bacc20a9313,Elena Ramos,Bacoor
c7349d50ec0fb65a244f43e618cdde5f,Gabriel Del Rosario,Las Piñas
8c4c9c447cbcf1fcca8abfa4bb2c2662,Manuel Pascual,Zamboanga City
